cp: error writing '/tmp/probe/src/desktop/node_modules/electron/dist/electron': No space left on device
cp: error writing '/tmp/probe/src/desktop/node_modules/electron/dist/vk_swiftshader_icd.json': No space left on device
cp: error writing '/tmp/probe/src/desktop/node_modules/electron/dist/version': No space left on device
cp: error writing '/tmp/probe/src/desktop/node_modules/electron/dist/libvulkan.so.1': No space left on device
cp: error writing '/tmp/probe/src/desktop/node_modules/electron/dist/libGLESv2.so': No space left on device
cp: error writing '/tmp/probe/src/desktop/node_modules/electron/dist/snapshot_blob.bin': No space left on device
cp: error writing '/tmp/probe/src/desktop/node_modules/electron/dist/LICENSE': No space left on device
cp: error writing '/tmp/probe/src/desktop/node_modules/electron/dist/chrome_200_percent.pak': No space left on device
cp: error writing '/tmp/probe/src/desktop/node_modules/electron/dist/LICENSES.chromium.html': No space left on device
cp: error writing '/tmp/probe/src/desktop/node_modules/electron/dist/libffmpeg.so': No space left on device
cp: error writing '/tmp/probe/src/desktop/node_modules/electron/dist/icudtl.dat': No space left on device
cp: error writing '/tmp/probe/src/desktop/node_modules/electron/dist/v8_context_snapshot.bin': No space left on device
cp: error writing '/tmp/probe/src/desktop/node_modules/electron/dist/resources.pak': No space left on device
cp: error writing '/tmp/probe/src/desktop/node_modules/electron/dist/libEGL.so': No space left on device
cp: error writing '/tmp/probe/src/desktop/node_modules/electron/dist/libvk_swiftshader.so': No space left on device
cp: error writing '/tmp/probe/src/desktop/node_modules/electron/dist/chrome_100_percent.pak': No space left on device
cp: error writing '/tmp/probe/src/desktop/node_modules/electron/dist/chrome-sandbox': No space left on device
cp: error writing '/tmp/probe/src/desktop/node_modules/electron/path.txt': No space left on device
cp: error writing '/tmp/probe/src/desktop/node_modules/vite/node_modules/esbuild/bin/esbuild': No space left on device
cp: error writing '/tmp/probe/src/desktop/node_modules/vite/node_modules/esbuild/install.js': No space left on device
cp: error writing '/tmp/probe/src/desktop/node_modules/vite/node_modules/esbuild/lib/main.js': No space left on device
cp: error writing '/tmp/probe/src/desktop/node_modules/vite/node_modules/esbuild/lib/main.d.ts': No space left on device
cp: error writing '/tmp/probe/src/desktop/node_modules/vite/node_modules/esbuild/package.json': No space left on device
cp: error writing '/tmp/probe/src/desktop/node_modules/vite/node_modules/esbuild/LICENSE.md': No space left on device
cp: error writing '/tmp/probe/src/desktop/node_modules/vite/node_modules/esbuild/README.md': No space left on device
cp: error writing '/tmp/probe/src/desktop/node_modules/vite/node_modules/@esbuild/linux-x64/bin/esbuild': No space left on device
cp: error writing '/tmp/probe/src/desktop/node_modules/vite/node_modules/@esbuild/linux-x64/package.json': No space left on device
cp: error writing '/tmp/probe/src/desktop/node_modules/vite/node_modules/@esbuild/linux-x64/README.md': No space left on device
cp: error writing '/tmp/probe/src/desktop/node_modules/vite/dist/node/chunks/build.js': No space left on device
cp: error writing '/tmp/probe/src/desktop/node_modules/vite/dist/node/chunks/build2.js': No space left on device
cp: error writing '/tmp/probe/src/desktop/node_modules/vite/dist/node/chunks/chunk.js': No space left on device
cp: error writing '/tmp/probe/src/desktop/node_modules/vite/dist/node/chunks/config.js': No space left on device
cp: error writing '/tmp/probe/src/desktop/node_modules/vite/dist/node/chunks/config2.js': No space left on device
cp: error writing '/tmp/probe/src/desktop/node_modules/vite/dist/node/chunks/dist.js': No space left on device
cp: error writing '/tmp/probe/src/desktop/node_modules/vite/dist/node/chunks/lib.js': No space left on device
cp: error writing '/tmp/probe/src/desktop/node_modules/vite/dist/node/chunks/logger.js': No space left on device
cp: error writing '/tmp/probe/src/desktop/node_modules/vite/dist/node/chunks/optimizer.js': No space left on device
cp: error writing '/tmp/probe/src/desktop/node_modules/vite/dist/node/chunks/postcss-import.js': No space left on device
cp: error writing '/tmp/probe/src/desktop/node_modules/vite/dist/node/chunks/preview.js': No space left on device
cp: error writing '/tmp/probe/src/desktop/node_modules/vite/dist/node/chunks/server.js': No space left on device
cp: error writing '/tmp/probe/src/desktop/node_modules/vite/dist/node/chunks/moduleRunnerTransport.d.ts': No space left on device
cp: error writing '/tmp/probe/src/desktop/node_modules/vite/dist/node/cli.js': No space left on device
cp: error writing '/tmp/probe/src/desktop/node_modules/vite/dist/node/index.js': No space left on device
cp: error writing '/tmp/probe/src/desktop/node_modules/vite/dist/node/module-runner.js': No space left on device
cp: error writing '/tmp/probe/src/desktop/node_modules/vite/dist/node/index.d.ts': No space left on device
cp: error writing '/tmp/probe/src/desktop/node_modules/vite/dist/node/module-runner.d.ts': No space left on device
cp: error writing '/tmp/probe/src/desktop/node_modules/vite/dist/client/client.mjs': No space left on device
cp: error writing '/tmp/probe/src/desktop/node_modules/vite/dist/client/env.mjs': No space left on device
cp: error writing '/tmp/probe/src/desktop/node_modules/vite/misc/false.js': No space left on device
cp: error writing '/tmp/probe/src/desktop/node_modules/vite/misc/true.js': No space left on device
cp: error writing '/tmp/probe/src/desktop/node_modules/vite/bin/openChrome.js': No space left on device
cp: error writing '/tmp/probe/src/desktop/node_modules/vite/bin/vite.js': No space left on device
cp: error writing '/tmp/probe/src/desktop/node_modules/vite/package.json': No space left on device
cp: error writing '/tmp/probe/src/desktop/node_modules/vite/types/package.json': No space left on device
cp: error writing '/tmp/probe/src/desktop/node_modules/vite/types/internal/cssPreprocessorOptions.d.ts': No space left on device
cp: error writing '/tmp/probe/src/desktop/node_modules/vite/types/internal/lightningcssOptions.d.ts': No space left on device
cp: error writing '/tmp/probe/src/desktop/node_modules/vite/types/internal/terserOptions.d.ts': No space left on device
cp: error writing '/tmp/probe/src/desktop/node_modules/vite/types/customEvent.d.ts': No space left on device
cp: error writing '/tmp/probe/src/desktop/node_modules/vite/types/hmrPayload.d.ts': No space left on device
cp: error writing '/tmp/probe/src/desktop/node_modules/vite/types/hot.d.ts': No space left on device
cp: error writing '/tmp/probe/src/desktop/node_modules/vite/types/import-meta.d.ts': No space left on device
cp: error writing '/tmp/probe/src/desktop/node_modules/vite/types/importGlob.d.ts': No space left on device
cp: error writing '/tmp/probe/src/desktop/node_modules/vite/types/importMeta.d.ts': No space left on device
cp: error writing '/tmp/probe/src/desktop/node_modules/vite/types/metadata.d.ts': No space left on device
cp: error writing '/tmp/probe/src/desktop/node_modules/vite/LICENSE.md': No space left on device
cp: error writing '/tmp/probe/src/desktop/node_modules/vite/README.md': No space left on device
cp: error writing '/tmp/probe/src/desktop/node_modules/vite/client.d.ts': No space left on device
cp: error writing '/tmp/probe/src/desktop/node_modules/tiny-async-pool/node_modules/semver/LICENSE': No space left on device
cp: error writing '/tmp/probe/src/desktop/node_modules/tiny-async-pool/node_modules/semver/bin/semver': No space left on device
cp: error writing '/tmp/probe/src/desktop/node_modules/tiny-async-pool/node_modules/semver/range.bnf': No space left on device
cp: error writing '/tmp/probe/src/desktop/node_modules/tiny-async-pool/node_modules/semver/semver.js': No space left on device
cp: error writing '/tmp/probe/src/desktop/node_modules/tiny-async-pool/node_modules/semver/package.json': No space left on device
cp: error writing '/tmp/probe/src/desktop/node_modules/tiny-async-pool/node_modules/semver/README.md': No space left on device
cp: error writing '/tmp/probe/src/desktop/node_modules/tiny-async-pool/LICENSE-MIT': No space left on device
cp: error writing '/tmp/probe/src/desktop/node_modules/tiny-async-pool/lib/es6.js': No space left on device
cp: error writing '/tmp/probe/src/desktop/node_modules/tiny-async-pool/lib/es7.js': No space left on device
cp: error writing '/tmp/probe/src/desktop/node_modules/tiny-async-pool/dist/node.js': No space left on device
cp: error writing '/tmp/probe/src/desktop/node_modules/tiny-async-pool/package.json': No space left on device
cp: error writing '/tmp/probe/src/desktop/node_modules/tiny-async-pool/README.md': No space left on device
cp: error writing '/tmp/probe/src/desktop/node_modules/tar/node_modules/yallist/dist/commonjs/index.js': No space left on device
cp: error writing '/tmp/probe/src/desktop/node_modules/tar/node_modules/yallist/dist/commonjs/package.json': No space left on device
cp: error writing '/tmp/probe/src/desktop/node_modules/tar/node_modules/yallist/dist/commonjs/index.d.ts.map': No space left on device
cp: error writing '/tmp/probe/src/desktop/node_modules/tar/node_modules/yallist/dist/commonjs/index.js.map': No space left on device
cp: error writing '/tmp/probe/src/desktop/node_modules/tar/node_modules/yallist/dist/commonjs/index.d.ts': No space left on device
cp: error writing '/tmp/probe/src/desktop/node_modules/tar/node_modules/yallist/dist/esm/index.js': No space left on device
cp: error writing '/tmp/probe/src/desktop/node_modules/tar/node_modules/yallist/dist/esm/package.json': No space left on device
cp: error writing '/tmp/probe/src/desktop/node_modules/tar/node_modules/yallist/dist/esm/index.d.ts.map': No space left on device
cp: error writing '/tmp/probe/src/desktop/node_modules/tar/node_modules/yallist/dist/esm/index.js.map': No space left on device
cp: error writing '/tmp/probe/src/desktop/node_modules/tar/node_modules/yallist/dist/esm/index.d.ts': No space left on device
cp: error writing '/tmp/probe/src/desktop/node_modules/tar/node_modules/yallist/package.json': No space left on device
cp: error writing '/tmp/probe/src/desktop/node_modules/tar/node_modules/yallist/LICENSE.md': No space left on device
cp: error writing '/tmp/probe/src/desktop/node_modules/tar/node_modules/yallist/README.md': No space left on device
cp: error writing '/tmp/probe/src/desktop/node_modules/tar/dist/commonjs/create.js': No space left on device
cp: error writing '/tmp/probe/src/desktop/node_modules/tar/dist/commonjs/cwd-error.js': No space left on device
cp: error writing '/tmp/probe/src/desktop/node_modules/tar/dist/commonjs/extract.js': No space left on device
cp: error writing '/tmp/probe/src/desktop/node_modules/tar/dist/commonjs/get-write-flag.js': No space left on device
cp: error writing '/tmp/probe/src/desktop/node_modules/tar/dist/commonjs/header.js': No space left on device
cp: error writing '/tmp/probe/src/desktop/node_modules/tar/dist/commonjs/index.js': No space left on device
cp: error writing '/tmp/probe/src/desktop/node_modules/tar/dist/commonjs/index.min.js': No space left on device
cp: error writing '/tmp/probe/src/desktop/node_modules/tar/dist/commonjs/large-numbers.js': No space left on device
cp: error writing '/tmp/probe/src/desktop/node_modules/tar/dist/commonjs/list.js': No space left on device
cp: error writing '/tmp/probe/src/desktop/node_modules/tar/dist/commonjs/make-command.js': No space left on device
cp: error writing '/tmp/probe/src/desktop/node_modules/tar/dist/commonjs/mkdir.js': No space left on device
cp: error writing '/tmp/probe/src/desktop/node_modules/tar/dist/commonjs/mode-fix.js': No space left on device
cp: error writing '/tmp/probe/src/desktop/node_modules/tar/dist/commonjs/normalize-unicode.js': No space left on device
cp: error writing '/tmp/probe/src/desktop/node_modules/tar/dist/commonjs/normalize-windows-path.js': No space left on device
cp: error writing '/tmp/probe/src/desktop/node_modules/tar/dist/commonjs/options.js': No space left on device
cp: error writing '/tmp/probe/src/desktop/node_modules/tar/dist/commonjs/pack.js': No space left on device
cp: error writing '/tmp/probe/src/desktop/node_modules/tar/dist/commonjs/parse.js': No space left on device
cp: error writing '/tmp/probe/src/desktop/node_modules/tar/dist/commonjs/path-reservations.js': No space left on device
cp: error writing '/tmp/probe/src/desktop/node_modules/tar/dist/commonjs/pax.js': No space left on device
cp: error writing '/tmp/probe/src/desktop/node_modules/tar/dist/commonjs/process-umask.js': No space left on device
cp: error writing '/tmp/probe/src/desktop/node_modules/tar/dist/commonjs/read-entry.js': No space left on device
cp: error writing '/tmp/probe/src/desktop/node_modules/tar/dist/commonjs/replace.js': No space left on device
cp: error writing '/tmp/probe/src/desktop/node_modules/tar/dist/commonjs/strip-absolute-path.js': No space left on device
cp: error writing '/tmp/probe/src/desktop/node_modules/tar/dist/commonjs/strip-trailing-slashes.js': No space left on device
cp: error writing '/tmp/probe/src/desktop/node_modules/tar/dist/commonjs/symlink-error.js': No space left on device
cp: error writing '/tmp/probe/src/desktop/node_modules/tar/dist/commonjs/types.js': No space left on device
cp: error writing '/tmp/probe/src/desktop/node_modules/tar/dist/commonjs/unpack.js': No space left on device
cp: error writing '/tmp/probe/src/desktop/node_modules/tar/dist/commonjs/update.js': No space left on device
cp: error writing '/tmp/probe/src/desktop/node_modules/tar/dist/commonjs/warn-method.js': No space left on device
cp: error writing '/tmp/probe/src/desktop/node_modules/tar/dist/commonjs/winchars.js': No space left on device
cp: error writing '/tmp/probe/src/desktop/node_modules/tar/dist/commonjs/write-entry.js': No space left on device
cp: error writing '/tmp/probe/src/desktop/node_modules/tar/dist/commonjs/package.json': No space left on device
cp: error writing '/tmp/probe/src/desktop/node_modules/tar/dist/commonjs/create.d.ts.map': No space left on device
cp: error writing '/tmp/probe/src/desktop/node_modules/tar/dist/commonjs/create.js.map': No space left on device
cp: error writing '/tmp/probe/src/desktop/node_modules/tar/dist/commonjs/cwd-error.d.ts.map': No space left on device
cp: error writing '/tmp/probe/src/desktop/node_modules/tar/dist/commonjs/cwd-error.js.map': No space left on device
cp: error writing '/tmp/probe/src/desktop/node_modules/tar/dist/commonjs/extract.d.ts.map': No space left on device
cp: error writing '/tmp/probe/src/desktop/node_modules/tar/dist/commonjs/extract.js.map': No space left on device
cp: error writing '/tmp/probe/src/desktop/node_modules/tar/dist/commonjs/get-write-flag.d.ts.map': No space left on device
cp: error writing '/tmp/probe/src/desktop/node_modules/tar/dist/commonjs/get-write-flag.js.map': No space left on device
cp: error writing '/tmp/probe/src/desktop/node_modules/tar/dist/commonjs/header.d.ts.map': No space left on device
cp: error writing '/tmp/probe/src/desktop/node_modules/tar/dist/commonjs/header.js.map': No space left on device
cp: error writing '/tmp/probe/src/desktop/node_modules/tar/dist/commonjs/index.d.ts.map': No space left on device
cp: error writing '/tmp/probe/src/desktop/node_modules/tar/dist/commonjs/index.js.map': No space left on device
cp: error writing '/tmp/probe/src/desktop/node_modules/tar/dist/commonjs/index.min.js.map': No space left on device
cp: error writing '/tmp/probe/src/desktop/node_modules/tar/dist/commonjs/large-numbers.d.ts.map': No space left on device
cp: error writing '/tmp/probe/src/desktop/node_modules/tar/dist/commonjs/large-numbers.js.map': No space left on device
cp: error writing '/tmp/probe/src/desktop/node_modules/tar/dist/commonjs/list.d.ts.map': No space left on device
cp: error writing '/tmp/probe/src/desktop/node_modules/tar/dist/commonjs/list.js.map': No space left on device
cp: error writing '/tmp/probe/src/desktop/node_modules/tar/dist/commonjs/make-command.d.ts.map': No space left on device
cp: error writing '/tmp/probe/src/desktop/node_modules/tar/dist/commonjs/make-command.js.map': No space left on device
cp: error writing '/tmp/probe/src/desktop/node_modules/tar/dist/commonjs/mkdir.d.ts.map': No space left on device
cp: error writing '/tmp/probe/src/desktop/node_modules/tar/dist/commonjs/mkdir.js.map': No space left on device
cp: error writing '/tmp/probe/src/desktop/node_modules/tar/dist/commonjs/mode-fix.d.ts.map': No space left on device
cp: error writing '/tmp/probe/src/desktop/node_modules/tar/dist/commonjs/mode-fix.js.map': No space left on device
cp: error writing '/tmp/probe/src/desktop/node_modules/tar/dist/commonjs/normalize-unicode.d.ts.map': No space left on device
cp: error writing '/tmp/probe/src/desktop/node_modules/tar/dist/commonjs/normalize-unicode.js.map': No space left on device
cp: error writing '/tmp/probe/src/desktop/node_modules/tar/dist/commonjs/normalize-windows-path.d.ts.map': No space left on device
cp: error writing '/tmp/probe/src/desktop/node_modules/tar/dist/commonjs/normalize-windows-path.js.map': No space left on device
cp: error writing '/tmp/probe/src/desktop/node_modules/tar/dist/commonjs/options.d.ts.map': No space left on device
cp: error writing '/tmp/probe/src/desktop/node_modules/tar/dist/commonjs/options.js.map': No space left on device
cp: error writing '/tmp/probe/src/desktop/node_modules/tar/dist/commonjs/pack.d.ts.map': No space left on device
cp: error writing '/tmp/probe/src/desktop/node_modules/tar/dist/commonjs/pack.js.map': No space left on device
cp: error writing '/tmp/probe/src/desktop/node_modules/tar/dist/commonjs/parse.d.ts.map': No space left on device
cp: error writing '/tmp/probe/src/desktop/node_modules/tar/dist/commonjs/parse.js.map': No space left on device
cp: error writing '/tmp/probe/src/desktop/node_modules/tar/dist/commonjs/path-reservations.d.ts.map': No space left on device
cp: error writing '/tmp/probe/src/desktop/node_modules/tar/dist/commonjs/path-reservations.js.map': No space left on device
cp: error writing '/tmp/probe/src/desktop/node_modules/tar/dist/commonjs/pax.d.ts.map': No space left on device
cp: error writing '/tmp/probe/src/desktop/node_modules/tar/dist/commonjs/pax.js.map': No space left on device
cp: error writing '/tmp/probe/src/desktop/node_modules/tar/dist/commonjs/process-umask.d.ts.map': No space left on device
cp: error writing '/tmp/probe/src/desktop/node_modules/tar/dist/commonjs/process-umask.js.map': No space left on device
cp: error writing '/tmp/probe/src/desktop/node_modules/tar/dist/commonjs/read-entry.d.ts.map': No space left on device
cp: error writing '/tmp/probe/src/desktop/node_modules/tar/dist/commonjs/read-entry.js.map': No space left on device
cp: error writing '/tmp/probe/src/desktop/node_modules/tar/dist/commonjs/replace.d.ts.map': No space left on device
cp: error writing '/tmp/probe/src/desktop/node_modules/tar/dist/commonjs/replace.js.map': No space left on device
cp: error writing '/tmp/probe/src/desktop/node_modules/tar/dist/commonjs/strip-absolute-path.d.ts.map': No space left on device
cp: error writing '/tmp/probe/src/desktop/node_modules/tar/dist/commonjs/strip-absolute-path.js.map': No space left on device
cp: error writing '/tmp/probe/src/desktop/node_modules/tar/dist/commonjs/strip-trailing-slashes.d.ts.map': No space left on device
cp: error writing '/tmp/probe/src/desktop/node_modules/tar/dist/commonjs/strip-trailing-slashes.js.map': No space left on device
cp: error writing '/tmp/probe/src/desktop/node_modules/tar/dist/commonjs/symlink-error.d.ts.map': No space left on device
cp: error writing '/tmp/probe/src/desktop/node_modules/tar/dist/commonjs/symlink-error.js.map': No space left on device
cp: error writing '/tmp/probe/src/desktop/node_modules/tar/dist/commonjs/types.d.ts.map': No space left on device
cp: error writing '/tmp/probe/src/desktop/node_modules/tar/dist/commonjs/types.js.map': No space left on device
cp: error writing '/tmp/probe/src/desktop/node_modules/tar/dist/commonjs/unpack.d.ts.map': No space left on device
cp: error writing '/tmp/probe/src/desktop/node_modules/tar/dist/commonjs/unpack.js.map': No space left on device
cp: error writing '/tmp/probe/src/desktop/node_modules/tar/dist/commonjs/update.d.ts.map': No space left on device
cp: error writing '/tmp/probe/src/desktop/node_modules/tar/dist/commonjs/update.js.map': No space left on device
cp: error writing '/tmp/probe/src/desktop/node_modules/tar/dist/commonjs/warn-method.d.ts.map': No space left on device
cp: error writing '/tmp/probe/src/desktop/node_modules/tar/dist/commonjs/warn-method.js.map': No space left on device
cp: error writing '/tmp/probe/src/desktop/node_modules/tar/dist/commonjs/winchars.d.ts.map': No space left on device
cp: error writing '/tmp/probe/src/desktop/node_modules/tar/dist/commonjs/winchars.js.map': No space left on device
cp: error writing '/tmp/probe/src/desktop/node_modules/tar/dist/commonjs/write-entry.d.ts.map': No space left on device
cp: error writing '/tmp/probe/src/desktop/node_modules/tar/dist/commonjs/write-entry.js.map': No space left on device
cp: error writing '/tmp/probe/src/desktop/node_modules/tar/dist/commonjs/create.d.ts': No space left on device
cp: error writing '/tmp/probe/src/desktop/node_modules/tar/dist/commonjs/cwd-error.d.ts': No space left on device
cp: error writing '/tmp/probe/src/desktop/node_modules/tar/dist/commonjs/extract.d.ts': No space left on device
cp: error writing '/tmp/probe/src/desktop/node_modules/tar/dist/commonjs/get-write-flag.d.ts': No space left on device
cp: error writing '/tmp/probe/src/desktop/node_modules/tar/dist/commonjs/header.d.ts': No space left on device
cp: error writing '/tmp/probe/src/desktop/node_modules/tar/dist/commonjs/index.d.ts': No space left on device
cp: error writing '/tmp/probe/src/desktop/node_modules/tar/dist/commonjs/large-numbers.d.ts': No space left on device
cp: error writing '/tmp/probe/src/desktop/node_modules/tar/dist/commonjs/list.d.ts': No space left on device
cp: error writing '/tmp/probe/src/desktop/node_modules/tar/dist/commonjs/make-command.d.ts': No space left on device
cp: error writing '/tmp/probe/src/desktop/node_modules/tar/dist/commonjs/mkdir.d.ts': No space left on device
cp: error writing '/tmp/probe/src/desktop/node_modules/tar/dist/commonjs/mode-fix.d.ts': No space left on device
cp: error writing '/tmp/probe/src/desktop/node_modules/tar/dist/commonjs/normalize-unicode.d.ts': No space left on device
cp: error writing '/tmp/probe/src/desktop/node_modules/tar/dist/commonjs/normalize-windows-path.d.ts': No space left on device
cp: error writing '/tmp/probe/src/desktop/node_modules/tar/dist/commonjs/options.d.ts': No space left on device
cp: error writing '/tmp/probe/src/desktop/node_modules/tar/dist/commonjs/pack.d.ts': No space left on device
cp: error writing '/tmp/probe/src/desktop/node_modules/tar/dist/commonjs/parse.d.ts': No space left on device
cp: error writing '/tmp/probe/src/desktop/node_modules/tar/dist/commonjs/path-reservations.d.ts': No space left on device
cp: error writing '/tmp/probe/src/desktop/node_modules/tar/dist/commonjs/pax.d.ts': No space left on device
cp: error writing '/tmp/probe/src/desktop/node_modules/tar/dist/commonjs/process-umask.d.ts': No space left on device
cp: error writing '/tmp/probe/src/desktop/node_modules/tar/dist/commonjs/read-entry.d.ts': No space left on device
cp: error writing '/tmp/probe/src/desktop/node_modules/tar/dist/commonjs/replace.d.ts': No space left on device
cp: error writing '/tmp/probe/src/desktop/node_modules/tar/dist/commonjs/strip-absolute-path.d.ts': No space left on device
cp: error writing '/tmp/probe/src/desktop/node_modules/tar/dist/commonjs/strip-trailing-slashes.d.ts': No space left on device
cp: error writing '/tmp/probe/src/desktop/node_modules/tar/dist/commonjs/symlink-error.d.ts': No space left on device
cp: error writing '/tmp/probe/src/desktop/node_modules/tar/dist/commonjs/types.d.ts': No space left on device
cp: error writing '/tmp/probe/src/desktop/node_modules/tar/dist/commonjs/unpack.d.ts': No space left on device
cp: error writing '/tmp/probe/src/desktop/node_modules/tar/dist/commonjs/update.d.ts': No space left on device
cp: error writing '/tmp/probe/src/desktop/node_modules/tar/dist/commonjs/warn-method.d.ts': No space left on device
cp: error writing '/tmp/probe/src/desktop/node_modules/tar/dist/commonjs/winchars.d.ts': No space left on device
cp: error writing '/tmp/probe/src/desktop/node_modules/tar/dist/commonjs/write-entry.d.ts': No space left on device
cp: error writing '/tmp/probe/src/desktop/node_modules/tar/dist/esm/create.js': No space left on device
cp: error writing '/tmp/probe/src/desktop/node_modules/tar/dist/esm/cwd-error.js': No space left on device
cp: error writing '/tmp/probe/src/desktop/node_modules/tar/dist/esm/extract.js': No space left on device
cp: error writing '/tmp/probe/src/desktop/node_modules/tar/dist/esm/get-write-flag.js': No space left on device
cp: error writing '/tmp/probe/src/desktop/node_modules/tar/dist/esm/header.js': No space left on device
cp: error writing '/tmp/probe/src/desktop/node_modules/tar/dist/esm/index.js': No space left on device
cp: error writing '/tmp/probe/src/desktop/node_modules/tar/dist/esm/index.min.js': No space left on device
cp: error writing '/tmp/probe/src/desktop/node_modules/tar/dist/esm/large-numbers.js': No space left on device
cp: error writing '/tmp/probe/src/desktop/node_modules/tar/dist/esm/list.js': No space left on device
cp: error writing '/tmp/probe/src/desktop/node_modules/tar/dist/esm/make-command.js': No space left on device
cp: error writing '/tmp/probe/src/desktop/node_modules/tar/dist/esm/mkdir.js': No space left on device
cp: error writing '/tmp/probe/src/desktop/node_modules/tar/dist/esm/mode-fix.js': No space left on device
cp: error writing '/tmp/probe/src/desktop/node_modules/tar/dist/esm/normalize-unicode.js': No space left on device
cp: error writing '/tmp/probe/src/desktop/node_modules/tar/dist/esm/normalize-windows-path.js': No space left on device
cp: error writing '/tmp/probe/src/desktop/node_modules/tar/dist/esm/options.js': No space left on device
cp: error writing '/tmp/probe/src/desktop/node_modules/tar/dist/esm/pack.js': No space left on device
cp: error writing '/tmp/probe/src/desktop/node_modules/tar/dist/esm/parse.js': No space left on device
cp: error writing '/tmp/probe/src/desktop/node_modules/tar/dist/esm/path-reservations.js': No space left on device
cp: error writing '/tmp/probe/src/desktop/node_modules/tar/dist/esm/pax.js': No space left on device
cp: error writing '/tmp/probe/src/desktop/node_modules/tar/dist/esm/process-umask.js': No space left on device
cp: error writing '/tmp/probe/src/desktop/node_modules/tar/dist/esm/read-entry.js': No space left on device
cp: error writing '/tmp/probe/src/desktop/node_modules/tar/dist/esm/replace.js': No space left on device
cp: error writing '/tmp/probe/src/desktop/node_modules/tar/dist/esm/strip-absolute-path.js': No space left on device
cp: error writing '/tmp/probe/src/desktop/node_modules/tar/dist/esm/strip-trailing-slashes.js': No space left on device
cp: error writing '/tmp/probe/src/desktop/node_modules/tar/dist/esm/symlink-error.js': No space left on device
cp: error writing '/tmp/probe/src/desktop/node_modules/tar/dist/esm/types.js': No space left on device
cp: error writing '/tmp/probe/src/desktop/node_modules/tar/dist/esm/unpack.js': No space left on device
cp: error writing '/tmp/probe/src/desktop/node_modules/tar/dist/esm/update.js': No space left on device
cp: error writing '/tmp/probe/src/desktop/node_modules/tar/dist/esm/warn-method.js': No space left on device
cp: error writing '/tmp/probe/src/desktop/node_modules/tar/dist/esm/winchars.js': No space left on device
cp: error writing '/tmp/probe/src/desktop/node_modules/tar/dist/esm/write-entry.js': No space left on device
cp: error writing '/tmp/probe/src/desktop/node_modules/tar/dist/esm/package.json': No space left on device
cp: error writing '/tmp/probe/src/desktop/node_modules/tar/dist/esm/create.d.ts.map': No space left on device
cp: error writing '/tmp/probe/src/desktop/node_modules/tar/dist/esm/create.js.map': No space left on device
cp: error writing '/tmp/probe/src/desktop/node_modules/tar/dist/esm/cwd-error.d.ts.map': No space left on device
cp: error writing '/tmp/probe/src/desktop/node_modules/tar/dist/esm/cwd-error.js.map': No space left on device
cp: error writing '/tmp/probe/src/desktop/node_modules/tar/dist/esm/extract.d.ts.map': No space left on device
cp: error writing '/tmp/probe/src/desktop/node_modules/tar/dist/esm/extract.js.map': No space left on device
cp: error writing '/tmp/probe/src/desktop/node_modules/tar/dist/esm/get-write-flag.d.ts.map': No space left on device
cp: error writing '/tmp/probe/src/desktop/node_modules/tar/dist/esm/get-write-flag.js.map': No space left on device
cp: error writing '/tmp/probe/src/desktop/node_modules/tar/dist/esm/header.d.ts.map': No space left on device
cp: error writing '/tmp/probe/src/desktop/node_modules/tar/dist/esm/header.js.map': No space left on device
cp: error writing '/tmp/probe/src/desktop/node_modules/tar/dist/esm/index.d.ts.map': No space left on device
cp: error writing '/tmp/probe/src/desktop/node_modules/tar/dist/esm/index.js.map': No space left on device
cp: error writing '/tmp/probe/src/desktop/node_modules/tar/dist/esm/index.min.js.map': No space left on device
cp: error writing '/tmp/probe/src/desktop/node_modules/tar/dist/esm/large-numbers.d.ts.map': No space left on device
cp: error writing '/tmp/probe/src/desktop/node_modules/tar/dist/esm/large-numbers.js.map': No space left on device
cp: error writing '/tmp/probe/src/desktop/node_modules/tar/dist/esm/list.d.ts.map': No space left on device
cp: error writing '/tmp/probe/src/desktop/node_modules/tar/dist/esm/list.js.map': No space left on device
cp: error writing '/tmp/probe/src/desktop/node_modules/tar/dist/esm/make-command.d.ts.map': No space left on device
cp: error writing '/tmp/probe/src/desktop/node_modules/tar/dist/esm/make-command.js.map': No space left on device
cp: error writing '/tmp/probe/src/desktop/node_modules/tar/dist/esm/mkdir.d.ts.map': No space left on device
cp: error writing '/tmp/probe/src/desktop/node_modules/tar/dist/esm/mkdir.js.map': No space left on device
cp: error writing '/tmp/probe/src/desktop/node_modules/tar/dist/esm/mode-fix.d.ts.map': No space left on device
cp: error writing '/tmp/probe/src/desktop/node_modules/tar/dist/esm/mode-fix.js.map': No space left on device
cp: error writing '/tmp/probe/src/desktop/node_modules/tar/dist/esm/normalize-unicode.d.ts.map': No space left on device
cp: error writing '/tmp/probe/src/desktop/node_modules/tar/dist/esm/normalize-unicode.js.map': No space left on device
cp: error writing '/tmp/probe/src/desktop/node_modules/tar/dist/esm/normalize-windows-path.d.ts.map': No space left on device
cp: error writing '/tmp/probe/src/desktop/node_modules/tar/dist/esm/normalize-windows-path.js.map': No space left on device
cp: error writing '/tmp/probe/src/desktop/node_modules/tar/dist/esm/options.d.ts.map': No space left on device
cp: error writing '/tmp/probe/src/desktop/node_modules/tar/dist/esm/options.js.map': No space left on device
cp: error writing '/tmp/probe/src/desktop/node_modules/tar/dist/esm/pack.d.ts.map': No space left on device
cp: error writing '/tmp/probe/src/desktop/node_modules/tar/dist/esm/pack.js.map': No space left on device
cp: error writing '/tmp/probe/src/desktop/node_modules/tar/dist/esm/parse.d.ts.map': No space left on device
cp: error writing '/tmp/probe/src/desktop/node_modules/tar/dist/esm/parse.js.map': No space left on device
cp: error writing '/tmp/probe/src/desktop/node_modules/tar/dist/esm/path-reservations.d.ts.map': No space left on device
cp: error writing '/tmp/probe/src/desktop/node_modules/tar/dist/esm/path-reservations.js.map': No space left on device
cp: error writing '/tmp/probe/src/desktop/node_modules/tar/dist/esm/pax.d.ts.map': No space left on device
cp: error writing '/tmp/probe/src/desktop/node_modules/tar/dist/esm/pax.js.map': No space left on device
cp: error writing '/tmp/probe/src/desktop/node_modules/tar/dist/esm/process-umask.d.ts.map': No space left on device
cp: error writing '/tmp/probe/src/desktop/node_modules/tar/dist/esm/process-umask.js.map': No space left on device
cp: error writing '/tmp/probe/src/desktop/node_modules/tar/dist/esm/read-entry.d.ts.map': No space left on device
cp: error writing '/tmp/probe/src/desktop/node_modules/tar/dist/esm/read-entry.js.map': No space left on device
cp: error writing '/tmp/probe/src/desktop/node_modules/tar/dist/esm/replace.d.ts.map': No space left on device
cp: error writing '/tmp/probe/src/desktop/node_modules/tar/dist/esm/replace.js.map': No space left on device
cp: error writing '/tmp/probe/src/desktop/node_modules/tar/dist/esm/strip-absolute-path.d.ts.map': No space left on device
cp: error writing '/tmp/probe/src/desktop/node_modules/tar/dist/esm/strip-absolute-path.js.map': No space left on device
cp: error writing '/tmp/probe/src/desktop/node_modules/tar/dist/esm/strip-trailing-slashes.d.ts.map': No space left on device
cp: error writing '/tmp/probe/src/desktop/node_modules/tar/dist/esm/strip-trailing-slashes.js.map': No space left on device
cp: error writing '/tmp/probe/src/desktop/node_modules/tar/dist/esm/symlink-error.d.ts.map': No space left on device
cp: error writing '/tmp/probe/src/desktop/node_modules/tar/dist/esm/symlink-error.js.map': No space left on device
cp: error writing '/tmp/probe/src/desktop/node_modules/tar/dist/esm/types.d.ts.map': No space left on device
cp: error writing '/tmp/probe/src/desktop/node_modules/tar/dist/esm/types.js.map': No space left on device
cp: error writing '/tmp/probe/src/desktop/node_modules/tar/dist/esm/unpack.d.ts.map': No space left on device
cp: error writing '/tmp/probe/src/desktop/node_modules/tar/dist/esm/unpack.js.map': No space left on device
cp: error writing '/tmp/probe/src/desktop/node_modules/tar/dist/esm/update.d.ts.map': No space left on device
cp: error writing '/tmp/probe/src/desktop/node_modules/tar/dist/esm/update.js.map': No space left on device
cp: error writing '/tmp/probe/src/desktop/node_modules/tar/dist/esm/warn-method.d.ts.map': No space left on device
cp: error writing '/tmp/probe/src/desktop/node_modules/tar/dist/esm/warn-method.js.map': No space left on device
cp: error writing '/tmp/probe/src/desktop/node_modules/tar/dist/esm/winchars.d.ts.map': No space left on device
cp: error writing '/tmp/probe/src/desktop/node_modules/tar/dist/esm/winchars.js.map': No space left on device
cp: error writing '/tmp/probe/src/desktop/node_modules/tar/dist/esm/write-entry.d.ts.map': No space left on device
cp: error writing '/tmp/probe/src/desktop/node_modules/tar/dist/esm/write-entry.js.map': No space left on device
cp: error writing '/tmp/probe/src/desktop/node_modules/tar/dist/esm/create.d.ts': No space left on device
cp: error writing '/tmp/probe/src/desktop/node_modules/tar/dist/esm/cwd-error.d.ts': No space left on device
cp: error writing '/tmp/probe/src/desktop/node_modules/tar/dist/esm/extract.d.ts': No space left on device
cp: error writing '/tmp/probe/src/desktop/node_modules/tar/dist/esm/get-write-flag.d.ts': No space left on device
cp: error writing '/tmp/probe/src/desktop/node_modules/tar/dist/esm/header.d.ts': No space left on device
cp: error writing '/tmp/probe/src/desktop/node_modules/tar/dist/esm/index.d.ts': No space left on device
cp: error writing '/tmp/probe/src/desktop/node_modules/tar/dist/esm/large-numbers.d.ts': No space left on device
cp: error writing '/tmp/probe/src/desktop/node_modules/tar/dist/esm/list.d.ts': No space left on device
cp: error writing '/tmp/probe/src/desktop/node_modules/tar/dist/esm/make-command.d.ts': No space left on device
cp: error writing '/tmp/probe/src/desktop/node_modules/tar/dist/esm/mkdir.d.ts': No space left on device
cp: error writing '/tmp/probe/src/desktop/node_modules/tar/dist/esm/mode-fix.d.ts': No space left on device
cp: error writing '/tmp/probe/src/desktop/node_modules/tar/dist/esm/normalize-unicode.d.ts': No space left on device
cp: error writing '/tmp/probe/src/desktop/node_modules/tar/dist/esm/normalize-windows-path.d.ts': No space left on device
cp: error writing '/tmp/probe/src/desktop/node_modules/tar/dist/esm/options.d.ts': No space left on device
cp: error writing '/tmp/probe/src/desktop/node_modules/tar/dist/esm/pack.d.ts': No space left on device
cp: error writing '/tmp/probe/src/desktop/node_modules/tar/dist/esm/parse.d.ts': No space left on device
cp: error writing '/tmp/probe/src/desktop/node_modules/tar/dist/esm/path-reservations.d.ts': No space left on device
cp: error writing '/tmp/probe/src/desktop/node_modules/tar/dist/esm/pax.d.ts': No space left on device
cp: error writing '/tmp/probe/src/desktop/node_modules/tar/dist/esm/process-umask.d.ts': No space left on device
cp: error writing '/tmp/probe/src/desktop/node_modules/tar/dist/esm/read-entry.d.ts': No space left on device
cp: error writing '/tmp/probe/src/desktop/node_modules/tar/dist/esm/replace.d.ts': No space left on device
cp: error writing '/tmp/probe/src/desktop/node_modules/tar/dist/esm/strip-absolute-path.d.ts': No space left on device
cp: error writing '/tmp/probe/src/desktop/node_modules/tar/dist/esm/strip-trailing-slashes.d.ts': No space left on device
cp: error writing '/tmp/probe/src/desktop/node_modules/tar/dist/esm/symlink-error.d.ts': No space left on device
cp: error writing '/tmp/probe/src/desktop/node_modules/tar/dist/esm/types.d.ts': No space left on device
cp: error writing '/tmp/probe/src/desktop/node_modules/tar/dist/esm/unpack.d.ts': No space left on device
cp: error writing '/tmp/probe/src/desktop/node_modules/tar/dist/esm/update.d.ts': No space left on device
cp: error writing '/tmp/probe/src/desktop/node_modules/tar/dist/esm/warn-method.d.ts': No space left on device
cp: error writing '/tmp/probe/src/desktop/node_modules/tar/dist/esm/winchars.d.ts': No space left on device
cp: error writing '/tmp/probe/src/desktop/node_modules/tar/dist/esm/write-entry.d.ts': No space left on device
cp: error writing '/tmp/probe/src/desktop/node_modules/tar/package.json': No space left on device
cp: error writing '/tmp/probe/src/desktop/node_modules/tar/LICENSE.md': No space left on device
cp: error writing '/tmp/probe/src/desktop/node_modules/tar/README.md': No space left on device
cp: error writing '/tmp/probe/src/desktop/node_modules/unzipper/node_modules/fs-extra/LICENSE': No space left on device
cp: error writing '/tmp/probe/src/desktop/node_modules/unzipper/node_modules/fs-extra/lib/copy/copy-sync.js': No space left on device
cp: error writing '/tmp/probe/src/desktop/node_modules/unzipper/node_modules/fs-extra/lib/copy/copy.js': No space left on device
cp: error writing '/tmp/probe/src/desktop/node_modules/unzipper/node_modules/fs-extra/lib/copy/index.js': No space left on device
cp: error writing '/tmp/probe/src/desktop/node_modules/unzipper/node_modules/fs-extra/lib/ensure/file.js': No space left on device
cp: error writing '/tmp/probe/src/desktop/node_modules/unzipper/node_modules/fs-extra/lib/ensure/index.js': No space left on device
cp: error writing '/tmp/probe/src/desktop/node_modules/unzipper/node_modules/fs-extra/lib/ensure/link.js': No space left on device
cp: error writing '/tmp/probe/src/desktop/node_modules/unzipper/node_modules/fs-extra/lib/ensure/symlink-paths.js': No space left on device
cp: error writing '/tmp/probe/src/desktop/node_modules/unzipper/node_modules/fs-extra/lib/ensure/symlink-type.js': No space left on device
cp: error writing '/tmp/probe/src/desktop/node_modules/unzipper/node_modules/fs-extra/lib/ensure/symlink.js': No space left on device
cp: error writing '/tmp/probe/src/desktop/node_modules/unzipper/node_modules/fs-extra/lib/empty/index.js': No space left on device
cp: error writing '/tmp/probe/src/desktop/node_modules/unzipper/node_modules/fs-extra/lib/fs/index.js': No space left on device
cp: error writing '/tmp/probe/src/desktop/node_modules/unzipper/node_modules/fs-extra/lib/index.js': No space left on device
cp: error writing '/tmp/probe/src/desktop/node_modules/unzipper/node_modules/fs-extra/lib/json/index.js': No space left on device
cp: error writing '/tmp/probe/src/desktop/node_modules/unzipper/node_modules/fs-extra/lib/json/jsonfile.js': No space left on device
cp: error writing '/tmp/probe/src/desktop/node_modules/unzipper/node_modules/fs-extra/lib/json/output-json-sync.js': No space left on device
cp: error writing '/tmp/probe/src/desktop/node_modules/unzipper/node_modules/fs-extra/lib/json/output-json.js': No space left on device
cp: error writing '/tmp/probe/src/desktop/node_modules/unzipper/node_modules/fs-extra/lib/mkdirs/index.js': No space left on device
cp: error writing '/tmp/probe/src/desktop/node_modules/unzipper/node_modules/fs-extra/lib/mkdirs/make-dir.js': No space left on device
cp: error writing '/tmp/probe/src/desktop/node_modules/unzipper/node_modules/fs-extra/lib/mkdirs/utils.js': No space left on device
cp: error writing '/tmp/probe/src/desktop/node_modules/unzipper/node_modules/fs-extra/lib/move/index.js': No space left on device
cp: error writing '/tmp/probe/src/desktop/node_modules/unzipper/node_modules/fs-extra/lib/move/move-sync.js': No space left on device
cp: error writing '/tmp/probe/src/desktop/node_modules/unzipper/node_modules/fs-extra/lib/move/move.js': No space left on device
cp: error writing '/tmp/probe/src/desktop/node_modules/unzipper/node_modules/fs-extra/lib/output-file/index.js': No space left on device
cp: error writing '/tmp/probe/src/desktop/node_modules/unzipper/node_modules/fs-extra/lib/path-exists/index.js': No space left on device
cp: error writing '/tmp/probe/src/desktop/node_modules/unzipper/node_modules/fs-extra/lib/remove/index.js': No space left on device
cp: error writing '/tmp/probe/src/desktop/node_modules/unzipper/node_modules/fs-extra/lib/util/stat.js': No space left on device
cp: error writing '/tmp/probe/src/desktop/node_modules/unzipper/node_modules/fs-extra/lib/util/utimes.js': No space left on device
cp: error writing '/tmp/probe/src/desktop/node_modules/unzipper/node_modules/fs-extra/lib/esm.mjs': No space left on device
cp: error writing '/tmp/probe/src/desktop/node_modules/unzipper/node_modules/fs-extra/package.json': No space left on device
cp: error writing '/tmp/probe/src/desktop/node_modules/unzipper/node_modules/fs-extra/README.md': No space left on device
cp: error writing '/tmp/probe/src/desktop/node_modules/unzipper/.gitattributes': No space left on device
cp: error writing '/tmp/probe/src/desktop/node_modules/unzipper/LICENSE': No space left on device
cp: error writing '/tmp/probe/src/desktop/node_modules/unzipper/lib/BufferStream.js': No space left on device
cp: error writing '/tmp/probe/src/desktop/node_modules/unzipper/lib/Decrypt.js': No space left on device
cp: error writing '/tmp/probe/src/desktop/node_modules/unzipper/lib/Open/directory.js': No space left on device
cp: error writing '/tmp/probe/src/desktop/node_modules/unzipper/lib/Open/index.js': No space left on device
cp: error writing '/tmp/probe/src/desktop/node_modules/unzipper/lib/Open/unzip.js': No space left on device
cp: error writing '/tmp/probe/src/desktop/node_modules/unzipper/lib/extract.js': No space left on device
cp: error writing '/tmp/probe/src/desktop/node_modules/unzipper/lib/NoopStream.js': No space left on device
cp: error writing '/tmp/probe/src/desktop/node_modules/unzipper/lib/parse.js': No space left on device
cp: error writing '/tmp/probe/src/desktop/node_modules/unzipper/lib/parseBuffer.js': No space left on device
cp: error writing '/tmp/probe/src/desktop/node_modules/unzipper/lib/parseDateTime.js': No space left on device
cp: error writing '/tmp/probe/src/desktop/node_modules/unzipper/lib/parseExtraField.js': No space left on device
cp: error writing '/tmp/probe/src/desktop/node_modules/unzipper/lib/parseOne.js': No space left on device
cp: error writing '/tmp/probe/src/desktop/node_modules/unzipper/lib/PullStream.js': No space left on device
cp: error writing '/tmp/probe/src/desktop/node_modules/unzipper/unzip.js': No space left on device
cp: error writing '/tmp/probe/src/desktop/node_modules/unzipper/package.json': No space left on device
cp: error writing '/tmp/probe/src/desktop/node_modules/unzipper/README.md': No space left on device
cp: error writing '/tmp/probe/src/desktop/node_modules/unzipper/eslint.config.mjs': No space left on device
cp: error writing '/tmp/probe/src/desktop/node_modules/postject/node_modules/commander/LICENSE': No space left on device
cp: error writing '/tmp/probe/src/desktop/node_modules/postject/node_modules/commander/lib/argument.js': No space left on device
cp: error writing '/tmp/probe/src/desktop/node_modules/postject/node_modules/commander/lib/command.js': No space left on device
cp: error writing '/tmp/probe/src/desktop/node_modules/postject/node_modules/commander/lib/error.js': No space left on device
cp: error writing '/tmp/probe/src/desktop/node_modules/postject/node_modules/commander/lib/help.js': No space left on device
cp: error writing '/tmp/probe/src/desktop/node_modules/postject/node_modules/commander/lib/option.js': No space left on device
cp: error writing '/tmp/probe/src/desktop/node_modules/postject/node_modules/commander/lib/suggestSimilar.js': No space left on device
cp: error writing '/tmp/probe/src/desktop/node_modules/postject/node_modules/commander/index.js': No space left on device
cp: error writing '/tmp/probe/src/desktop/node_modules/postject/node_modules/commander/package-support.json': No space left on device
cp: error writing '/tmp/probe/src/desktop/node_modules/postject/node_modules/commander/package.json': No space left on device
cp: error writing '/tmp/probe/src/desktop/node_modules/postject/node_modules/commander/Readme.md': No space left on device
cp: error writing '/tmp/probe/src/desktop/node_modules/postject/node_modules/commander/esm.mjs': No space left on device
cp: error writing '/tmp/probe/src/desktop/node_modules/postject/node_modules/commander/typings/index.d.ts': No space left on device
cp: error writing '/tmp/probe/src/desktop/node_modules/postject/LICENSE': No space left on device
cp: error writing '/tmp/probe/src/desktop/node_modules/postject/dist/postject-api.h': No space left on device
cp: error writing '/tmp/probe/src/desktop/node_modules/postject/dist/api.js': No space left on device
cp: error writing '/tmp/probe/src/desktop/node_modules/postject/dist/cli.js': No space left on device
cp: error writing '/tmp/probe/src/desktop/node_modules/postject/package.json': No space left on device
cp: error writing '/tmp/probe/src/desktop/node_modules/postject/README.markdown': No space left on device
cp: error writing '/tmp/probe/src/desktop/node_modules/postject/CODE_OF_CONDUCT.md': No space left on device
cp: error writing '/tmp/probe/src/desktop/node_modules/postject/CONTRIBUTING.md': No space left on device
cp: error writing '/tmp/probe/src/desktop/node_modules/decompress-response/node_modules/mimic-response/license': No space left on device
cp: error writing '/tmp/probe/src/desktop/node_modules/decompress-response/node_modules/mimic-response/index.js': No space left on device
cp: error writing '/tmp/probe/src/desktop/node_modules/decompress-response/node_modules/mimic-response/package.json': No space left on device
cp: error writing '/tmp/probe/src/desktop/node_modules/decompress-response/node_modules/mimic-response/readme.md': No space left on device
cp: error writing '/tmp/probe/src/desktop/node_modules/decompress-response/node_modules/mimic-response/index.d.ts': No space left on device
cp: error writing '/tmp/probe/src/desktop/node_modules/decompress-response/license': No space left on device
cp: error writing '/tmp/probe/src/desktop/node_modules/decompress-response/index.js': No space left on device
cp: error writing '/tmp/probe/src/desktop/node_modules/decompress-response/package.json': No space left on device
cp: error writing '/tmp/probe/src/desktop/node_modules/decompress-response/readme.md': No space left on device
cp: error writing '/tmp/probe/src/desktop/node_modules/decompress-response/index.d.ts': No space left on device
cp: error writing '/tmp/probe/src/desktop/node_modules/pkijs/node_modules/@noble/hashes/LICENSE': No space left on device
cp: error writing '/tmp/probe/src/desktop/node_modules/pkijs/node_modules/@noble/hashes/_assert.js': No space left on device
cp: error writing '/tmp/probe/src/desktop/node_modules/pkijs/node_modules/@noble/hashes/esm/_assert.js': No space left on device
cp: error writing '/tmp/probe/src/desktop/node_modules/pkijs/node_modules/@noble/hashes/esm/_blake.js': No space left on device
cp: error writing '/tmp/probe/src/desktop/node_modules/pkijs/node_modules/@noble/hashes/esm/_md.js': No space left on device
cp: error writing '/tmp/probe/src/desktop/node_modules/pkijs/node_modules/@noble/hashes/esm/_u64.js': No space left on device
cp: error writing '/tmp/probe/src/desktop/node_modules/pkijs/node_modules/@noble/hashes/esm/argon2.js': No space left on device
cp: error writing '/tmp/probe/src/desktop/node_modules/pkijs/node_modules/@noble/hashes/esm/blake2b.js': No space left on device
cp: error writing '/tmp/probe/src/desktop/node_modules/pkijs/node_modules/@noble/hashes/esm/blake2s.js': No space left on device
cp: error writing '/tmp/probe/src/desktop/node_modules/pkijs/node_modules/@noble/hashes/esm/blake3.js': No space left on device
cp: error writing '/tmp/probe/src/desktop/node_modules/pkijs/node_modules/@noble/hashes/esm/crypto.js': No space left on device
cp: error writing '/tmp/probe/src/desktop/node_modules/pkijs/node_modules/@noble/hashes/esm/cryptoNode.js': No space left on device
cp: error writing '/tmp/probe/src/desktop/node_modules/pkijs/node_modules/@noble/hashes/esm/eskdf.js': No space left on device
cp: error writing '/tmp/probe/src/desktop/node_modules/pkijs/node_modules/@noble/hashes/esm/hkdf.js': No space left on device
cp: error writing '/tmp/probe/src/desktop/node_modules/pkijs/node_modules/@noble/hashes/esm/hmac.js': No space left on device
cp: error writing '/tmp/probe/src/desktop/node_modules/pkijs/node_modules/@noble/hashes/esm/index.js': No space left on device
cp: error writing '/tmp/probe/src/desktop/node_modules/pkijs/node_modules/@noble/hashes/esm/pbkdf2.js': No space left on device
cp: error writing '/tmp/probe/src/desktop/node_modules/pkijs/node_modules/@noble/hashes/esm/ripemd160.js': No space left on device
cp: error writing '/tmp/probe/src/desktop/node_modules/pkijs/node_modules/@noble/hashes/esm/scrypt.js': No space left on device
cp: error writing '/tmp/probe/src/desktop/node_modules/pkijs/node_modules/@noble/hashes/esm/sha1.js': No space left on device
cp: error writing '/tmp/probe/src/desktop/node_modules/pkijs/node_modules/@noble/hashes/esm/sha2.js': No space left on device
cp: error writing '/tmp/probe/src/desktop/node_modules/pkijs/node_modules/@noble/hashes/esm/sha256.js': No space left on device
cp: error writing '/tmp/probe/src/desktop/node_modules/pkijs/node_modules/@noble/hashes/esm/sha3-addons.js': No space left on device
cp: error writing '/tmp/probe/src/desktop/node_modules/pkijs/node_modules/@noble/hashes/esm/sha3.js': No space left on device
cp: error writing '/tmp/probe/src/desktop/node_modules/pkijs/node_modules/@noble/hashes/esm/sha512.js': No space left on device
cp: error writing '/tmp/probe/src/desktop/node_modules/pkijs/node_modules/@noble/hashes/esm/utils.js': No space left on device
cp: error writing '/tmp/probe/src/desktop/node_modules/pkijs/node_modules/@noble/hashes/esm/package.json': No space left on device
cp: error writing '/tmp/probe/src/desktop/node_modules/pkijs/node_modules/@noble/hashes/esm/_assert.js.map': No space left on device
cp: error writing '/tmp/probe/src/desktop/node_modules/pkijs/node_modules/@noble/hashes/esm/_blake.js.map': No space left on device
cp: error writing '/tmp/probe/src/desktop/node_modules/pkijs/node_modules/@noble/hashes/esm/_md.js.map': No space left on device
cp: error writing '/tmp/probe/src/desktop/node_modules/pkijs/node_modules/@noble/hashes/esm/_u64.js.map': No space left on device
cp: error writing '/tmp/probe/src/desktop/node_modules/pkijs/node_modules/@noble/hashes/esm/argon2.js.map': No space left on device
cp: error writing '/tmp/probe/src/desktop/node_modules/pkijs/node_modules/@noble/hashes/esm/blake2b.js.map': No space left on device
cp: error writing '/tmp/probe/src/desktop/node_modules/pkijs/node_modules/@noble/hashes/esm/blake2s.js.map': No space left on device
cp: error writing '/tmp/probe/src/desktop/node_modules/pkijs/node_modules/@noble/hashes/esm/blake3.js.map': No space left on device
cp: error writing '/tmp/probe/src/desktop/node_modules/pkijs/node_modules/@noble/hashes/esm/crypto.js.map': No space left on device
cp: error writing '/tmp/probe/src/desktop/node_modules/pkijs/node_modules/@noble/hashes/esm/cryptoNode.js.map': No space left on device
cp: error writing '/tmp/probe/src/desktop/node_modules/pkijs/node_modules/@noble/hashes/esm/eskdf.js.map': No space left on device
cp: error writing '/tmp/probe/src/desktop/node_modules/pkijs/node_modules/@noble/hashes/esm/hkdf.js.map': No space left on device
cp: error writing '/tmp/probe/src/desktop/node_modules/pkijs/node_modules/@noble/hashes/esm/hmac.js.map': No space left on device
cp: error writing '/tmp/probe/src/desktop/node_modules/pkijs/node_modules/@noble/hashes/esm/index.js.map': No space left on device
cp: error writing '/tmp/probe/src/desktop/node_modules/pkijs/node_modules/@noble/hashes/esm/pbkdf2.js.map': No space left on device
cp: error writing '/tmp/probe/src/desktop/node_modules/pkijs/node_modules/@noble/hashes/esm/ripemd160.js.map': No space left on device
cp: error writing '/tmp/probe/src/desktop/node_modules/pkijs/node_modules/@noble/hashes/esm/scrypt.js.map': No space left on device
cp: error writing '/tmp/probe/src/desktop/node_modules/pkijs/node_modules/@noble/hashes/esm/sha1.js.map': No space left on device
cp: error writing '/tmp/probe/src/desktop/node_modules/pkijs/node_modules/@noble/hashes/esm/sha2.js.map': No space left on device
cp: error writing '/tmp/probe/src/desktop/node_modules/pkijs/node_modules/@noble/hashes/esm/sha256.js.map': No space left on device
cp: error writing '/tmp/probe/src/desktop/node_modules/pkijs/node_modules/@noble/hashes/esm/sha3-addons.js.map': No space left on device
cp: error writing '/tmp/probe/src/desktop/node_modules/pkijs/node_modules/@noble/hashes/esm/sha3.js.map': No space left on device
cp: error writing '/tmp/probe/src/desktop/node_modules/pkijs/node_modules/@noble/hashes/esm/sha512.js.map': No space left on device
cp: error writing '/tmp/probe/src/desktop/node_modules/pkijs/node_modules/@noble/hashes/esm/utils.js.map': No space left on device
cp: error writing '/tmp/probe/src/desktop/node_modules/pkijs/node_modules/@noble/hashes/_blake.js': No space left on device
cp: error writing '/tmp/probe/src/desktop/node_modules/pkijs/node_modules/@noble/hashes/_md.js': No space left on device
cp: error writing '/tmp/probe/src/desktop/node_modules/pkijs/node_modules/@noble/hashes/_u64.js': No space left on device
cp: error writing '/tmp/probe/src/desktop/node_modules/pkijs/node_modules/@noble/hashes/argon2.js': No space left on device
cp: error writing '/tmp/probe/src/desktop/node_modules/pkijs/node_modules/@noble/hashes/blake2b.js': No space left on device
cp: error writing '/tmp/probe/src/desktop/node_modules/pkijs/node_modules/@noble/hashes/blake2s.js': No space left on device
cp: error writing '/tmp/probe/src/desktop/node_modules/pkijs/node_modules/@noble/hashes/blake3.js': No space left on device
cp: error writing '/tmp/probe/src/desktop/node_modules/pkijs/node_modules/@noble/hashes/crypto.js': No space left on device
cp: error writing '/tmp/probe/src/desktop/node_modules/pkijs/node_modules/@noble/hashes/cryptoNode.js': No space left on device
cp: error writing '/tmp/probe/src/desktop/node_modules/pkijs/node_modules/@noble/hashes/eskdf.js': No space left on device
cp: error writing '/tmp/probe/src/desktop/node_modules/pkijs/node_modules/@noble/hashes/hkdf.js': No space left on device
cp: error writing '/tmp/probe/src/desktop/node_modules/pkijs/node_modules/@noble/hashes/hmac.js': No space left on device
cp: error writing '/tmp/probe/src/desktop/node_modules/pkijs/node_modules/@noble/hashes/index.js': No space left on device
cp: error writing '/tmp/probe/src/desktop/node_modules/pkijs/node_modules/@noble/hashes/pbkdf2.js': No space left on device
cp: error writing '/tmp/probe/src/desktop/node_modules/pkijs/node_modules/@noble/hashes/ripemd160.js': No space left on device
cp: error writing '/tmp/probe/src/desktop/node_modules/pkijs/node_modules/@noble/hashes/scrypt.js': No space left on device
cp: error writing '/tmp/probe/src/desktop/node_modules/pkijs/node_modules/@noble/hashes/sha1.js': No space left on device
cp: error writing '/tmp/probe/src/desktop/node_modules/pkijs/node_modules/@noble/hashes/sha2.js': No space left on device
cp: error writing '/tmp/probe/src/desktop/node_modules/pkijs/node_modules/@noble/hashes/sha256.js': No space left on device
cp: error writing '/tmp/probe/src/desktop/node_modules/pkijs/node_modules/@noble/hashes/sha3-addons.js': No space left on device
cp: error writing '/tmp/probe/src/desktop/node_modules/pkijs/node_modules/@noble/hashes/sha3.js': No space left on device
cp: error writing '/tmp/probe/src/desktop/node_modules/pkijs/node_modules/@noble/hashes/sha512.js': No space left on device
cp: error writing '/tmp/probe/src/desktop/node_modules/pkijs/node_modules/@noble/hashes/utils.js': No space left on device
cp: error writing '/tmp/probe/src/desktop/node_modules/pkijs/node_modules/@noble/hashes/package.json': No space left on device
cp: error writing '/tmp/probe/src/desktop/node_modules/pkijs/node_modules/@noble/hashes/_assert.js.map': No space left on device
cp: error writing '/tmp/probe/src/desktop/node_modules/pkijs/node_modules/@noble/hashes/_blake.js.map': No space left on device
cp: error writing '/tmp/probe/src/desktop/node_modules/pkijs/node_modules/@noble/hashes/_md.js.map': No space left on device
cp: error writing '/tmp/probe/src/desktop/node_modules/pkijs/node_modules/@noble/hashes/_u64.js.map': No space left on device
cp: error writing '/tmp/probe/src/desktop/node_modules/pkijs/node_modules/@noble/hashes/argon2.js.map': No space left on device
cp: error writing '/tmp/probe/src/desktop/node_modules/pkijs/node_modules/@noble/hashes/blake2b.js.map': No space left on device
cp: error writing '/tmp/probe/src/desktop/node_modules/pkijs/node_modules/@noble/hashes/blake2s.js.map': No space left on device
cp: error writing '/tmp/probe/src/desktop/node_modules/pkijs/node_modules/@noble/hashes/blake3.js.map': No space left on device
cp: error writing '/tmp/probe/src/desktop/node_modules/pkijs/node_modules/@noble/hashes/crypto.js.map': No space left on device
cp: error writing '/tmp/probe/src/desktop/node_modules/pkijs/node_modules/@noble/hashes/cryptoNode.js.map': No space left on device
cp: error writing '/tmp/probe/src/desktop/node_modules/pkijs/node_modules/@noble/hashes/eskdf.js.map': No space left on device
cp: error writing '/tmp/probe/src/desktop/node_modules/pkijs/node_modules/@noble/hashes/hkdf.js.map': No space left on device
cp: error writing '/tmp/probe/src/desktop/node_modules/pkijs/node_modules/@noble/hashes/hmac.js.map': No space left on device
cp: error writing '/tmp/probe/src/desktop/node_modules/pkijs/node_modules/@noble/hashes/index.js.map': No space left on device
cp: error writing '/tmp/probe/src/desktop/node_modules/pkijs/node_modules/@noble/hashes/pbkdf2.js.map': No space left on device
cp: error writing '/tmp/probe/src/desktop/node_modules/pkijs/node_modules/@noble/hashes/ripemd160.js.map': No space left on device
cp: error writing '/tmp/probe/src/desktop/node_modules/pkijs/node_modules/@noble/hashes/scrypt.js.map': No space left on device
cp: error writing '/tmp/probe/src/desktop/node_modules/pkijs/node_modules/@noble/hashes/sha1.js.map': No space left on device
cp: error writing '/tmp/probe/src/desktop/node_modules/pkijs/node_modules/@noble/hashes/sha2.js.map': No space left on device
cp: error writing '/tmp/probe/src/desktop/node_modules/pkijs/node_modules/@noble/hashes/sha256.js.map': No space left on device
cp: error writing '/tmp/probe/src/desktop/node_modules/pkijs/node_modules/@noble/hashes/sha3-addons.js.map': No space left on device
cp: error writing '/tmp/probe/src/desktop/node_modules/pkijs/node_modules/@noble/hashes/sha3.js.map': No space left on device
cp: error writing '/tmp/probe/src/desktop/node_modules/pkijs/node_modules/@noble/hashes/sha512.js.map': No space left on device
cp: error writing '/tmp/probe/src/desktop/node_modules/pkijs/node_modules/@noble/hashes/utils.js.map': No space left on device
cp: error writing '/tmp/probe/src/desktop/node_modules/pkijs/node_modules/@noble/hashes/README.md': No space left on device
cp: error writing '/tmp/probe/src/desktop/node_modules/pkijs/node_modules/@noble/hashes/_assert.d.ts': No space left on device
cp: error writing '/tmp/probe/src/desktop/node_modules/pkijs/node_modules/@noble/hashes/src/_assert.ts': No space left on device
cp: error writing '/tmp/probe/src/desktop/node_modules/pkijs/node_modules/@noble/hashes/src/_blake.ts': No space left on device
cp: error writing '/tmp/probe/src/desktop/node_modules/pkijs/node_modules/@noble/hashes/src/_md.ts': No space left on device
cp: error writing '/tmp/probe/src/desktop/node_modules/pkijs/node_modules/@noble/hashes/src/_u64.ts': No space left on device
cp: error writing '/tmp/probe/src/desktop/node_modules/pkijs/node_modules/@noble/hashes/src/argon2.ts': No space left on device
cp: error writing '/tmp/probe/src/desktop/node_modules/pkijs/node_modules/@noble/hashes/src/blake2b.ts': No space left on device
cp: error writing '/tmp/probe/src/desktop/node_modules/pkijs/node_modules/@noble/hashes/src/blake2s.ts': No space left on device
cp: error writing '/tmp/probe/src/desktop/node_modules/pkijs/node_modules/@noble/hashes/src/blake3.ts': No space left on device
cp: error writing '/tmp/probe/src/desktop/node_modules/pkijs/node_modules/@noble/hashes/src/crypto.ts': No space left on device
cp: error writing '/tmp/probe/src/desktop/node_modules/pkijs/node_modules/@noble/hashes/src/cryptoNode.ts': No space left on device
cp: error writing '/tmp/probe/src/desktop/node_modules/pkijs/node_modules/@noble/hashes/src/eskdf.ts': No space left on device
cp: error writing '/tmp/probe/src/desktop/node_modules/pkijs/node_modules/@noble/hashes/src/hkdf.ts': No space left on device
cp: error writing '/tmp/probe/src/desktop/node_modules/pkijs/node_modules/@noble/hashes/src/hmac.ts': No space left on device
cp: error writing '/tmp/probe/src/desktop/node_modules/pkijs/node_modules/@noble/hashes/src/index.ts': No space left on device
cp: error writing '/tmp/probe/src/desktop/node_modules/pkijs/node_modules/@noble/hashes/src/pbkdf2.ts': No space left on device
cp: error writing '/tmp/probe/src/desktop/node_modules/pkijs/node_modules/@noble/hashes/src/ripemd160.ts': No space left on device
cp: error writing '/tmp/probe/src/desktop/node_modules/pkijs/node_modules/@noble/hashes/src/scrypt.ts': No space left on device
cp: error writing '/tmp/probe/src/desktop/node_modules/pkijs/node_modules/@noble/hashes/src/sha1.ts': No space left on device
cp: error writing '/tmp/probe/src/desktop/node_modules/pkijs/node_modules/@noble/hashes/src/sha2.ts': No space left on device
cp: error writing '/tmp/probe/src/desktop/node_modules/pkijs/node_modules/@noble/hashes/src/sha256.ts': No space left on device
cp: error writing '/tmp/probe/src/desktop/node_modules/pkijs/node_modules/@noble/hashes/src/sha3-addons.ts': No space left on device
cp: error writing '/tmp/probe/src/desktop/node_modules/pkijs/node_modules/@noble/hashes/src/sha3.ts': No space left on device
cp: error writing '/tmp/probe/src/desktop/node_modules/pkijs/node_modules/@noble/hashes/src/sha512.ts': No space left on device
cp: error writing '/tmp/probe/src/desktop/node_modules/pkijs/node_modules/@noble/hashes/src/utils.ts': No space left on device
cp: error writing '/tmp/probe/src/desktop/node_modules/pkijs/node_modules/@noble/hashes/_blake.d.ts': No space left on device
cp: error writing '/tmp/probe/src/desktop/node_modules/pkijs/node_modules/@noble/hashes/_md.d.ts': No space left on device
cp: error writing '/tmp/probe/src/desktop/node_modules/pkijs/node_modules/@noble/hashes/_u64.d.ts': No space left on device
cp: error writing '/tmp/probe/src/desktop/node_modules/pkijs/node_modules/@noble/hashes/argon2.d.ts': No space left on device
cp: error writing '/tmp/probe/src/desktop/node_modules/pkijs/node_modules/@noble/hashes/blake2b.d.ts': No space left on device
cp: error writing '/tmp/probe/src/desktop/node_modules/pkijs/node_modules/@noble/hashes/blake2s.d.ts': No space left on device
cp: error writing '/tmp/probe/src/desktop/node_modules/pkijs/node_modules/@noble/hashes/blake3.d.ts': No space left on device
cp: error writing '/tmp/probe/src/desktop/node_modules/pkijs/node_modules/@noble/hashes/crypto.d.ts': No space left on device
cp: error writing '/tmp/probe/src/desktop/node_modules/pkijs/node_modules/@noble/hashes/cryptoNode.d.ts': No space left on device
cp: error writing '/tmp/probe/src/desktop/node_modules/pkijs/node_modules/@noble/hashes/eskdf.d.ts': No space left on device
cp: error writing '/tmp/probe/src/desktop/node_modules/pkijs/node_modules/@noble/hashes/hkdf.d.ts': No space left on device
cp: error writing '/tmp/probe/src/desktop/node_modules/pkijs/node_modules/@noble/hashes/hmac.d.ts': No space left on device
cp: error writing '/tmp/probe/src/desktop/node_modules/pkijs/node_modules/@noble/hashes/index.d.ts': No space left on device
cp: error writing '/tmp/probe/src/desktop/node_modules/pkijs/node_modules/@noble/hashes/pbkdf2.d.ts': No space left on device
cp: error writing '/tmp/probe/src/desktop/node_modules/pkijs/node_modules/@noble/hashes/ripemd160.d.ts': No space left on device
cp: error writing '/tmp/probe/src/desktop/node_modules/pkijs/node_modules/@noble/hashes/scrypt.d.ts': No space left on device
cp: error writing '/tmp/probe/src/desktop/node_modules/pkijs/node_modules/@noble/hashes/sha1.d.ts': No space left on device
cp: error writing '/tmp/probe/src/desktop/node_modules/pkijs/node_modules/@noble/hashes/sha2.d.ts': No space left on device
cp: error writing '/tmp/probe/src/desktop/node_modules/pkijs/node_modules/@noble/hashes/sha256.d.ts': No space left on device
cp: error writing '/tmp/probe/src/desktop/node_modules/pkijs/node_modules/@noble/hashes/sha3-addons.d.ts': No space left on device
cp: error writing '/tmp/probe/src/desktop/node_modules/pkijs/node_modules/@noble/hashes/sha3.d.ts': No space left on device
cp: error writing '/tmp/probe/src/desktop/node_modules/pkijs/node_modules/@noble/hashes/sha512.d.ts': No space left on device
cp: error writing '/tmp/probe/src/desktop/node_modules/pkijs/node_modules/@noble/hashes/utils.d.ts': No space left on device
cp: error writing '/tmp/probe/src/desktop/node_modules/pkijs/LICENSE': No space left on device
cp: error writing '/tmp/probe/src/desktop/node_modules/pkijs/build/index.es.js': No space left on device
cp: error writing '/tmp/probe/src/desktop/node_modules/pkijs/build/index.js': No space left on device
cp: error writing '/tmp/probe/src/desktop/node_modules/pkijs/build/index.d.ts': No space left on device
cp: error writing '/tmp/probe/src/desktop/node_modules/pkijs/package.json': No space left on device
cp: error writing '/tmp/probe/src/desktop/node_modules/pkijs/README.md': No space left on device
cp: error writing '/tmp/probe/src/desktop/node_modules/.package-lock.json': No space left on device
cp: error writing '/tmp/probe/src/desktop/package-lock.json': No space left on device
cp: error writing '/tmp/probe/src/desktop/tests/theme-tokens-gen-sync.test.ts': No space left on device
cp: error writing '/tmp/probe/src/desktop/tests/terminal-frames.test.ts': No space left on device
cp: error writing '/tmp/probe/src/desktop/tests/xterm-theme.test.ts': No space left on device
cp: error writing '/tmp/probe/src/desktop/tests/nova-geometry.test.ts': No space left on device
cp: error writing '/tmp/probe/src/desktop/tests/dev-hash-session.test.ts': No space left on device
cp: error writing '/tmp/probe/src/desktop/tests/river-projection.test.ts': No space left on device
cp: error writing '/tmp/probe/src/desktop/tests/nova-scene-state.test.ts': No space left on device
cp: error writing '/tmp/probe/src/desktop/tests/nova-contrast.test.ts': No space left on device
cp: error writing '/tmp/probe/src/desktop/tests/preferences-store.test.ts': No space left on device
cp: error writing '/tmp/probe/src/desktop/tests/log-humanize.test.ts': No space left on device
cp: error writing '/tmp/probe/src/desktop/tests/theme-runtime.test.ts': No space left on device
cp: error writing '/tmp/probe/src/desktop/tests/theme-tokens.test.ts': No space left on device
cp: error writing '/tmp/probe/src/desktop/tests/desktop-i18n.test.ts': No space left on device
cp: error writing '/tmp/probe/src/desktop/tests/ipc-channel-tiering.test.ts': No space left on device
cp: error writing '/tmp/probe/src/desktop/tests/shell-transport.test.ts': No space left on device
cp: error writing '/tmp/probe/src/desktop/tests/shell-design.test.ts': No space left on device
cp: error writing '/tmp/probe/src/desktop/tests/radio-fold.test.ts': No space left on device
cp: error writing '/tmp/probe/src/desktop/tests/daemon-lifecycle.test.ts': No space left on device
cp: error writing '/tmp/probe/src/desktop/tests/connection-profile-store.test.ts': No space left on device
cp: error writing '/tmp/probe/src/sdk/deckent-client.ts': No space left on device
cp: error writing '/tmp/probe/src/sdk/index.ts': No space left on device
cp: error writing '/tmp/probe/src/extensions/vscode/src/panel-data.ts': No space left on device
cp: error writing '/tmp/probe/src/extensions/vscode/src/panel-refresh.ts': No space left on device
cp: error writing '/tmp/probe/src/extensions/vscode/src/rpc-bridge.ts': No space left on device
cp: error writing '/tmp/probe/src/extensions/vscode/src/deckent-panel.ts': No space left on device
cp: error writing '/tmp/probe/tests/PLATFORM.md': No space left on device
cp: error writing '/tmp/probe/tests/agents/worker-activity.test.ts': No space left on device
cp: error writing '/tmp/probe/tests/agents/agentic-worker-runner.test.ts': No space left on device
cp: error writing '/tmp/probe/tests/agents/worker-verify-coverage.test.ts': No space left on device
cp: error writing '/tmp/probe/tests/agents/worker-verify.test.ts': No space left on device
cp: error writing '/tmp/probe/tests/agents/worker-authority.test.ts': No space left on device
cp: error writing '/tmp/probe/tests/agents/adaptive-agent.test.ts': No space left on device
cp: error writing '/tmp/probe/tests/agents/agent-genealogy.test.ts': No space left on device
cp: error writing '/tmp/probe/tests/agents/agent-retirement.test.ts': No space left on device
cp: error writing '/tmp/probe/tests/agents/auditor.test.ts': No space left on device
cp: error writing '/tmp/probe/tests/agents/manifest-v2-validation.test.ts': No space left on device
cp: error writing '/tmp/probe/tests/agents/permission-guard.test.ts': No space left on device
cp: error writing '/tmp/probe/tests/agents/prompt-ab-test.test.ts': No space left on device
cp: error writing '/tmp/probe/tests/agents/prompt-evolution.test.ts': No space left on device
cp: error writing '/tmp/probe/tests/agents/prompt-metrics.test.ts': No space left on device
cp: error writing '/tmp/probe/tests/agents/prompt-rollback.test.ts': No space left on device
cp: error writing '/tmp/probe/tests/agents/shared-context.test.ts': No space left on device
cp: error writing '/tmp/probe/tests/agents/specialization-drift.test.ts': No space left on device
cp: error writing '/tmp/probe/tests/agents/worker-agent.test.ts': No space left on device
cp: error writing '/tmp/probe/tests/agents/worker-doc-skip.test.ts': No space left on device
cp: error writing '/tmp/probe/tests/agents/worker-edge.test.ts': No space left on device
cp: error writing '/tmp/probe/tests/agents/worker-ipc.test.ts': No space left on device
cp: error writing '/tmp/probe/tests/agents/worker-lifecycle.test.ts': No space left on device
cp: error writing '/tmp/probe/tests/agents/worker-log.test.ts': No space left on device
cp: error writing '/tmp/probe/tests/agents/worker-progress.test.ts': No space left on device
cp: error writing '/tmp/probe/tests/agents/worker-rbac.test.ts': No space left on device
cp: error writing '/tmp/probe/tests/agents/worker-shutdown.test.ts': No space left on device
cp: error writing '/tmp/probe/tests/agents/worker-verify-lang.test.ts': No space left on device
cp: error writing '/tmp/probe/tests/agents/verify-ran-atomic.test.ts': No space left on device
cp: error writing '/tmp/probe/tests/agents/worker-heartbeat-authority-wire.test.ts': No space left on device
cp: error writing '/tmp/probe/tests/agents/cross-sprint-analyzer.test.ts': No space left on device
cp: error writing '/tmp/probe/tests/agents/prompt-version.test.ts': No space left on device
cp: error writing '/tmp/probe/tests/agents/wlt-emit.test.ts': No space left on device
cp: error writing '/tmp/probe/tests/agents/prompt-analytics.test.ts': No space left on device
cp: error writing '/tmp/probe/tests/agents/worker-auth-check.test.ts': No space left on device
cp: error writing '/tmp/probe/tests/agents/builtin-agents.test.ts': No space left on device
cp: error writing '/tmp/probe/tests/agents/agentic-worker-entry.test.ts': No space left on device
cp: error writing '/tmp/probe/tests/agents/adaptive-agent-runtime.test.ts': No space left on device
cp: error writing '/tmp/probe/tests/agents/api-usage-accumulate.test.ts': No space left on device
cp: error writing '/tmp/probe/tests/agents/agentic-prompt-parity.test.ts': No space left on device
cp: error writing '/tmp/probe/tests/agents/scope-w1-escalation.test.ts': No space left on device
cp: error writing '/tmp/probe/tests/agents/log-event-to-activity.test.ts': No space left on device
cp: error writing '/tmp/probe/tests/agents/worker-no-selfcount.test.ts': No space left on device
cp: error writing '/tmp/probe/tests/agents/http-agentic-worker.test.ts': No space left on device
cp: error writing '/tmp/probe/tests/agents/worker-result-write-authority.test.ts': No space left on device
cp: error writing '/tmp/probe/tests/agents/http-agentic-scope-event.test.ts': No space left on device
cp: error writing '/tmp/probe/tests/agents/worker-authority-enforce.test.ts': No space left on device
cp: error writing '/tmp/probe/tests/agents/http-agentic-worker-local.test.ts': No space left on device
cp: error writing '/tmp/probe/tests/agents/worker-heartbeat-single-writer.test.ts': No space left on device
cp: error writing '/tmp/probe/tests/agents/worker.test.ts': No space left on device
cp: error writing '/tmp/probe/tests/agents/worker-feedback.test.ts': No space left on device
cp: error writing '/tmp/probe/tests/agents/scoped-typecheck-authority.test.ts': No space left on device
cp: error writing '/tmp/probe/tests/agents/worker-approval-gate-real-wire.test.ts': No space left on device
cp: error writing '/tmp/probe/tests/agents/worker-verify-isolation-wire.test.ts': No space left on device
cp: error writing '/tmp/probe/tests/analytics/agent-comparison-data.test.ts': No space left on device
cp: error writing '/tmp/probe/tests/analytics/analytics-data.test.ts': No space left on device
cp: error writing '/tmp/probe/tests/analytics/skill-heatmap-data.test.ts': No space left on device
cp: error writing '/tmp/probe/tests/analytics/success-chart-data.test.ts': No space left on device
cp: error writing '/tmp/probe/tests/api/run-flow-event-stream.test.ts': No space left on device
cp: error writing '/tmp/probe/tests/api/terminal-audit-wire.test.ts': No space left on device
cp: error writing '/tmp/probe/tests/api/auth-oidc.test.ts': No space left on device
cp: error writing '/tmp/probe/tests/api/directives-endpoint.test.ts': No space left on device
cp: error writing '/tmp/probe/tests/api/sprint-job-runner.test.ts': No space left on device
cp: error writing '/tmp/probe/tests/api/server-auth.test.ts': No space left on device
cp: error writing '/tmp/probe/tests/api/dashboard-data-parity.test.ts': No space left on device
cp: error writing '/tmp/probe/tests/api/git-routes.test.ts': No space left on device
cp: error writing '/tmp/probe/tests/api/serve-daemon-meta.test.ts': No space left on device
cp: error writing '/tmp/probe/tests/api/kill-all-endpoint.test.ts': No space left on device
cp: error writing '/tmp/probe/tests/api/security-headers.test.ts': No space left on device
cp: error writing '/tmp/probe/tests/api/watcher.test.ts': No space left on device
cp: error writing '/tmp/probe/tests/api/cors-loopback-reflect.test.ts': No space left on device
cp: error writing '/tmp/probe/tests/api/server-body-schemas.test.ts': No space left on device
cp: error writing '/tmp/probe/tests/api/approval-expiry-wire.test.ts': No space left on device
cp: error writing '/tmp/probe/tests/api/approval-lifecycle-runtime-wire.test.ts': No space left on device
cp: error writing '/tmp/probe/tests/api/server-tenant-scope-wire.test.ts': No space left on device
cp: error writing '/tmp/probe/tests/api/live-events.test.ts': No space left on device
cp: error writing '/tmp/probe/tests/api/reactive-endpoint.test.ts': No space left on device
cp: error writing '/tmp/probe/tests/api/auth-me-endpoint.test.ts': No space left on device
cp: error writing '/tmp/probe/tests/api/run-flow-jobs-join.test.ts': No space left on device
cp: error writing '/tmp/probe/tests/api/serve-spa-token-inject.test.ts': No space left on device
cp: error writing '/tmp/probe/tests/api/enterprise-endpoint.test.ts': No space left on device
cp: error writing '/tmp/probe/tests/api/run-flow-api-composition.test.ts': No space left on device
cp: error writing '/tmp/probe/tests/api/status-reconcile.test.ts': No space left on device
cp: error writing '/tmp/probe/tests/api/health.test.ts': No space left on device
cp: error writing '/tmp/probe/tests/api/enterprise-audit-actor.test.ts': No space left on device
cp: error writing '/tmp/probe/tests/api/rate-limit.test.ts': No space left on device
cp: error writing '/tmp/probe/tests/api/chat-endpoint-adapter.test.ts': No space left on device
cp: error writing '/tmp/probe/tests/api/chat-stream-auth.test.ts': No space left on device
cp: error writing '/tmp/probe/tests/api/docs-health-endpoint.test.ts': No space left on device
cp: error writing '/tmp/probe/tests/api/terminal-token-endpoint.test.ts': No space left on device
cp: error writing '/tmp/probe/tests/api/request-logging.test.ts': No space left on device
cp: error writing '/tmp/probe/tests/api/sprint-inspector-endpoints.test.ts': No space left on device
cp: error writing '/tmp/probe/tests/api/ws-tenant-propagation.test.ts': No space left on device
cp: error writing '/tmp/probe/tests/api/autonomous-endpoint.test.ts': No space left on device
cp: error writing '/tmp/probe/tests/api/enterprise-missions-audit.test.ts': No space left on device
cp: error writing '/tmp/probe/tests/api/server.test.ts': No space left on device
cp: error writing '/tmp/probe/tests/api/auth-bootstrap.test.ts': No space left on device
cp: error writing '/tmp/probe/tests/api/nervous-endpoint.test.ts': No space left on device
cp: error writing '/tmp/probe/tests/api/worker-logs-render.test.ts': No space left on device
cp: error writing '/tmp/probe/tests/api/output-stream.test.ts': No space left on device
cp: error writing '/tmp/probe/tests/api/memory-search-endpoint.test.ts': No space left on device
cp: error writing '/tmp/probe/tests/api/missions-route.test.ts': No space left on device
cp: error writing '/tmp/probe/tests/api/run-flow-routes.test.ts': No space left on device
cp: error writing '/tmp/probe/tests/api/chat-handler.test.ts': No space left on device
cp: error writing '/tmp/probe/tests/api/terminal/auth-provider-jwks.test.ts': No space left on device
cp: error writing '/tmp/probe/tests/api/terminal/audit-integrity.test.ts': No space left on device
cp: error writing '/tmp/probe/tests/api/terminal/audit.test.ts': No space left on device
cp: error writing '/tmp/probe/tests/api/terminal/auth-provider.test.ts': No space left on device
cp: error writing '/tmp/probe/tests/api/terminal/e2e-reattach.test.ts': No space left on device
cp: error writing '/tmp/probe/tests/api/terminal/server-routes.test.ts': No space left on device
cp: error writing '/tmp/probe/tests/api/terminal/session-backend.test.ts': No space left on device
cp: error writing '/tmp/probe/tests/api/terminal/session-manager.test.ts': No space left on device
cp: error writing '/tmp/probe/tests/api/terminal/ws-gateway.test.ts': No space left on device
cp: error writing '/tmp/probe/tests/api/terminal/auth-provider-mtls.test.ts': No space left on device
cp: error writing '/tmp/probe/tests/api/terminal/auth-provider-oidc.test.ts': No space left on device
cp: error writing '/tmp/probe/tests/api/terminal/ws-gateway-mtls.test.ts': No space left on device
cp: error writing '/tmp/probe/tests/api/provider-authority-front-door.test.ts': No space left on device
cp: error writing '/tmp/probe/tests/api/serve-dashboard-missing.test.ts': No space left on device
cp: error writing '/tmp/probe/tests/api/test-server-helper.ts': No space left on device
cp: error writing '/tmp/probe/tests/api/api-approvals.test.ts': No space left on device
cp: error writing '/tmp/probe/tests/api/control-mutation-ratchet.test.ts': No space left on device
cp: error writing '/tmp/probe/tests/api/terminal-shell-fallback.test.ts': No space left on device
cp: error writing '/tmp/probe/tests/api/token-redaction.test.ts': No space left on device
cp: error writing '/tmp/probe/tests/api/enterprise-roles-rate.test.ts': No space left on device
cp: error writing '/tmp/probe/tests/api/server-security.test.ts': No space left on device
cp: error writing '/tmp/probe/tests/api/oidc-callback-endpoint.test.ts': No space left on device
cp: error writing '/tmp/probe/tests/api/auth-no-disable-flag.test.ts': No space left on device
cp: error writing '/tmp/probe/tests/api/sse.test.ts': No space left on device
cp: error writing '/tmp/probe/tests/api/auth.test.ts': No space left on device
cp: error writing '/tmp/probe/tests/api/helpers/test-server.ts': No space left on device
cp: error writing '/tmp/probe/tests/api/routing-endpoint.test.ts': No space left on device
cp: error writing '/tmp/probe/tests/api/enterprise-routes-complete.test.ts': No space left on device
cp: error writing '/tmp/probe/tests/api/serve-token-inject.test.ts': No space left on device
cp: error writing '/tmp/probe/tests/api/evolution-endpoint.test.ts': No space left on device
cp: error writing '/tmp/probe/tests/api/enterprise-crud.test.ts': No space left on device
cp: error writing '/tmp/probe/tests/api/chat-stream-live-repro.test.ts': No space left on device
cp: error writing '/tmp/probe/tests/api/serve-localhost-token-inject.test.ts': No space left on device
cp: error writing '/tmp/probe/tests/api/serve-token-matrix.test.ts': No space left on device
cp: error writing '/tmp/probe/tests/api/worker-logs.test.ts': No space left on device
cp: error writing '/tmp/probe/tests/api/chat-stream.test.ts': No space left on device
cp: error writing '/tmp/probe/tests/api/coverage-endpoint.test.ts': No space left on device
cp: error writing '/tmp/probe/tests/api/rpc-endpoint.test.ts': No space left on device
cp: error writing '/tmp/probe/tests/api/approval-history-endpoint.test.ts': No space left on device
cp: error writing '/tmp/probe/tests/api/autonomous-approval-lifecycle.test.ts': No space left on device
cp: error writing '/tmp/probe/tests/api/chat-a-roundtrip.test.ts': No space left on device
cp: error writing '/tmp/probe/tests/api/chat-a-adapter.test.ts': No space left on device
cp: error writing '/tmp/probe/tests/api/ent3-sec-lineage.test.ts': No space left on device
cp: error writing '/tmp/probe/tests/api/evaluate-health-endpoint.test.ts': No space left on device
cp: error writing '/tmp/probe/tests/api/endpoints.test.ts': No space left on device
cp: error writing '/tmp/probe/tests/api/config-editor.test.ts': No space left on device
cp: error writing '/tmp/probe/tests/api/output-stream-live.test.ts': No space left on device
cp: error writing '/tmp/probe/tests/api/kpi-endpoint.test.ts': No space left on device
cp: error writing '/tmp/probe/tests/api/kpi-trend-endpoint.test.ts': No space left on device
cp: error writing '/tmp/probe/tests/api/ent-rbac-roundtrip.test.ts': No space left on device
cp: error writing '/tmp/probe/tests/api/gov-minors.test.ts': No space left on device
cp: error writing '/tmp/probe/tests/api/run-flow-durability-1c.test.ts': No space left on device
cp: error writing '/tmp/probe/tests/api/audit-tenant.test.ts': No space left on device
cp: error writing '/tmp/probe/tests/api/server-edge.test.ts': No space left on device
cp: error writing '/tmp/probe/tests/api/ai-session-tool-allowlist.test.ts': No space left on device
cp: error writing '/tmp/probe/tests/api/health-endpoint-identity.test.ts': No space left on device
cp: error writing '/tmp/probe/tests/api/rpc-write-handlers.test.ts': No space left on device
cp: error writing '/tmp/probe/tests/api/limits-endpoint.test.ts': No space left on device
cp: error writing '/tmp/probe/tests/api/server-endpoint-wire.test.ts': No space left on device
cp: error writing '/tmp/probe/tests/api/tenant-ws-strict-e2e.test.ts': No space left on device
cp: error writing '/tmp/probe/tests/api/agent-surface-readmodel.test.ts': No space left on device
cp: error writing '/tmp/probe/tests/api/process-endpoint.test.ts': No space left on device
cp: error writing '/tmp/probe/tests/api/approvals-endpoint.test.ts': No space left on device
cp: error writing '/tmp/probe/tests/api/attended-approval-oidc.test.ts': No space left on device
cp: error writing '/tmp/probe/tests/api/planner-evidence-routes.test.ts': No space left on device
cp: error writing '/tmp/probe/tests/api/task-output-stream.test.ts': No space left on device
cp: error writing '/tmp/probe/tests/audits/dead-code-decisions.test.ts': No space left on device
cp: error writing '/tmp/probe/tests/backends/docker-non-root.test.ts': No space left on device
cp: error writing '/tmp/probe/tests/backends/docker-corrupt-result-recovery.test.ts': No space left on device
cp: error writing '/tmp/probe/tests/blueprint/sprint-history.test.ts': No space left on device
cp: error writing '/tmp/probe/tests/blueprint/files.test.ts': No space left on device
cp: error writing '/tmp/probe/tests/blueprint/pull-request-template.test.ts': No space left on device
cp: error writing '/tmp/probe/tests/blueprint/security-md.test.ts': No space left on device
cp: error writing '/tmp/probe/tests/brain/decisions.test.ts': No space left on device
cp: error writing '/tmp/probe/tests/cli/f1df-pack.test.ts': No space left on device
cp: error writing '/tmp/probe/tests/cli/repl-streaming.test.ts': No space left on device
cp: error writing '/tmp/probe/tests/cli/trace-wire.test.ts': No space left on device
cp: error writing '/tmp/probe/tests/cli/bot-relay.test.ts': No space left on device
cp: error writing '/tmp/probe/tests/cli/shutdown-hooks.test.ts': No space left on device
cp: error writing '/tmp/probe/tests/cli/messages-round7-keys.test.ts': No space left on device
cp: error writing '/tmp/probe/tests/cli/status-pending-approvals.test.ts': No space left on device
cp: error writing '/tmp/probe/tests/cli/nervous-edit-bridge.test.ts': No space left on device
cp: error writing '/tmp/probe/tests/cli/cli-surface-truth-battery.test.ts': No space left on device
cp: error writing '/tmp/probe/tests/cli/doctor-image-check.test.ts': No space left on device
cp: error writing '/tmp/probe/tests/cli/docs-track.test.ts': No space left on device
cp: error writing '/tmp/probe/tests/cli/doctor-profile.test.ts': No space left on device
cp: error writing '/tmp/probe/tests/cli/gemini-parity-gated.test.ts': No space left on device
cp: error writing '/tmp/probe/tests/cli/bot-listen.test.ts': No space left on device
cp: error writing '/tmp/probe/tests/cli/error-handler-redact.test.ts': No space left on device
cp: error writing '/tmp/probe/tests/cli/chat-session-multi-result.test.ts': No space left on device
cp: error writing '/tmp/probe/tests/cli/serve-first-run-banner.test.ts': No space left on device
cp: error writing '/tmp/probe/tests/cli/nervous-accept-panic.test.ts': No space left on device
cp: error writing '/tmp/probe/tests/cli/bin-entry-validation.test.ts': No space left on device
cp: error writing '/tmp/probe/tests/cli/run-flow-inbox.test.ts': No space left on device
cp: error writing '/tmp/probe/tests/cli/doctor-memory-v2.test.ts': No space left on device
cp: error writing '/tmp/probe/tests/cli/doctor-checks.test.ts': No space left on device
cp: error writing '/tmp/probe/tests/cli/init-next-steps.test.ts': No space left on device
cp: error writing '/tmp/probe/tests/cli/spawn-multiprovider.test.ts': No space left on device
cp: error writing '/tmp/probe/tests/cli/chat-perm-concurrency.test.ts': No space left on device
cp: error writing '/tmp/probe/tests/cli/init-published.test.ts': No space left on device
cp: error writing '/tmp/probe/tests/cli/xverify-claim-operation.test.ts': No space left on device
cp: error writing '/tmp/probe/tests/cli/autonomous-backlog.test.ts': No space left on device
cp: error writing '/tmp/probe/tests/cli/archive-terminal-seal.test.ts': No space left on device
cp: error writing '/tmp/probe/tests/cli/render-region-safeprompt.test.ts': No space left on device
cp: error writing '/tmp/probe/tests/cli/nl-dispatch-evidence.test.ts': No space left on device
cp: error writing '/tmp/probe/tests/cli/doctor-ux.test.ts': No space left on device
cp: error writing '/tmp/probe/tests/cli/helpers.test.ts': No space left on device
cp: error writing '/tmp/probe/tests/cli/session-warn.test.ts': No space left on device
cp: error writing '/tmp/probe/tests/cli/doctor-subprocess-secret-warn.test.ts': No space left on device
cp: error writing '/tmp/probe/tests/cli/stale-adr-surface.test.ts': No space left on device
cp: error writing '/tmp/probe/tests/cli/analyze-coverage.test.ts': No space left on device
cp: error writing '/tmp/probe/tests/cli/auto-setup.test.ts': No space left on device
cp: error writing '/tmp/probe/tests/cli/cli-inventory.test.ts': No space left on device
cp: error writing '/tmp/probe/tests/cli/commands/plan.test.ts': No space left on device
cp: error writing '/tmp/probe/tests/cli/commands/skill-improvements.test.ts': No space left on device
cp: error writing '/tmp/probe/tests/cli/commands/dashboard.test.ts': No space left on device
cp: error writing '/tmp/probe/tests/cli/commands/do-planning-heartbeat.test.ts': No space left on device
cp: error writing '/tmp/probe/tests/cli/commands/skill.test.ts': No space left on device
cp: error writing '/tmp/probe/tests/cli/commands/i18n-integration.test.ts': No space left on device
cp: error writing '/tmp/probe/tests/cli/commands/retro.test.ts': No space left on device
cp: error writing '/tmp/probe/tests/cli/commands/flow.test.ts': No space left on device
cp: error writing '/tmp/probe/tests/cli/commands/test-run-overhaul.test.ts': No space left on device
cp: error writing '/tmp/probe/tests/cli/commands/agent-display-fix.test.ts': No space left on device
cp: error writing '/tmp/probe/tests/cli/commands/analyze.test.ts': No space left on device
cp: error writing '/tmp/probe/tests/cli/commands/attach.test.ts': No space left on device
cp: error writing '/tmp/probe/tests/cli/commands/audit.test.ts': No space left on device
cp: error writing '/tmp/probe/tests/cli/commands/cleanup.test.ts': No space left on device
cp: error writing '/tmp/probe/tests/cli/commands/cli-polish.test.ts': No space left on device
cp: error writing '/tmp/probe/tests/cli/commands/status-mode.test.ts': No space left on device
cp: error writing '/tmp/probe/tests/cli/commands/review-finalize-overhaul.test.ts': No space left on device
cp: error writing '/tmp/probe/tests/cli/commands/status-agents.test.ts': No space left on device
cp: error writing '/tmp/probe/tests/cli/commands/doctor-json.test.ts': No space left on device
cp: error writing '/tmp/probe/tests/cli/commands/explain.test.ts': No space left on device
cp: error writing '/tmp/probe/tests/cli/commands/history-agents.test.ts': No space left on device
cp: error writing '/tmp/probe/tests/cli/commands/history-overhaul.test.ts': No space left on device
cp: error writing '/tmp/probe/tests/cli/commands/kill.test.ts': No space left on device
cp: error writing '/tmp/probe/tests/cli/commands/marketplace-improvements.test.ts': No space left on device
cp: error writing '/tmp/probe/tests/cli/commands/onboard.test.ts': No space left on device
cp: error writing '/tmp/probe/tests/cli/commands/plugin-create.test.ts': No space left on device
cp: error writing '/tmp/probe/tests/cli/commands/plugin-improvements.test.ts': No space left on device
cp: error writing '/tmp/probe/tests/cli/commands/plugin.test.ts': No space left on device
cp: error writing '/tmp/probe/tests/cli/commands/recall.test.ts': No space left on device
cp: error writing '/tmp/probe/tests/cli/commands/retro-parse-fix.test.ts': No space left on device
cp: error writing '/tmp/probe/tests/cli/commands/run-overhaul.test.ts': No space left on device
cp: error writing '/tmp/probe/tests/cli/commands/run.test.ts': No space left on device
cp: error writing '/tmp/probe/tests/cli/commands/skill-crud.test.ts': No space left on device
cp: error writing '/tmp/probe/tests/cli/commands/skill-marketplace.test.ts': No space left on device
cp: error writing '/tmp/probe/tests/cli/commands/spawn-enhanced.test.ts': No space left on device
cp: error writing '/tmp/probe/tests/cli/commands/upgrade.test.ts': No space left on device
cp: error writing '/tmp/probe/tests/cli/commands/agent.test.ts': No space left on device
cp: error writing '/tmp/probe/tests/cli/commands/spawn.test.ts': No space left on device
cp: error writing '/tmp/probe/tests/cli/commands/start.test.ts': No space left on device
cp: error writing '/tmp/probe/tests/cli/commands/runs.test.ts': No space left on device
cp: error writing '/tmp/probe/tests/cli/commands/chat-native.test.ts': No space left on device
cp: error writing '/tmp/probe/tests/cli/commands/config.test.ts': No space left on device
cp: error writing '/tmp/probe/tests/cli/commands/agent-improvements.test.ts': No space left on device
cp: error writing '/tmp/probe/tests/cli/commands/chat-slash-registry.test.ts': No space left on device
cp: error writing '/tmp/probe/tests/cli/commands/serve-overhaul.test.ts': No space left on device
cp: error writing '/tmp/probe/tests/cli/commands/chat.test.ts': No space left on device
cp: error writing '/tmp/probe/tests/cli/commands/config-nested.test.ts': No space left on device
cp: error writing '/tmp/probe/tests/cli/commands/docs-add-interactive.test.ts': No space left on device
cp: error writing '/tmp/probe/tests/cli/commands/history.test.ts': No space left on device
cp: error writing '/tmp/probe/tests/cli/commands/agent-crud.test.ts': No space left on device
cp: error writing '/tmp/probe/tests/cli/commands/docs-json-template.test.ts': No space left on device
cp: error writing '/tmp/probe/tests/cli/commands/xverify.test.ts': No space left on device
cp: error writing '/tmp/probe/tests/cli/commands/watch.test.ts': No space left on device
cp: error writing '/tmp/probe/tests/cli/commands/doctor.test.ts': No space left on device
cp: error writing '/tmp/probe/tests/cli/commands/config-overhaul.test.ts': No space left on device
cp: error writing '/tmp/probe/tests/cli/commands/status.test.ts': No space left on device
cp: error writing '/tmp/probe/tests/cli/commands/finalize.test.ts': No space left on device
cp: error writing '/tmp/probe/tests/cli/commands/recover.test.ts': No space left on device
cp: error writing '/tmp/probe/tests/cli/commands/review.test.ts': No space left on device
cp: error writing '/tmp/probe/tests/cli/commands/kill-enhanced.test.ts': No space left on device
cp: error writing '/tmp/probe/tests/cli/commands/resume.test.ts': No space left on device
cp: error writing '/tmp/probe/tests/cli/commands/process.test.ts': No space left on device
cp: error writing '/tmp/probe/tests/cli/commands/ci-dashboard.test.ts': No space left on device
cp: error writing '/tmp/probe/tests/cli/commands/archive-debt.test.ts': No space left on device
cp: error writing '/tmp/probe/tests/cli/commands/do.test.ts': No space left on device
cp: error writing '/tmp/probe/tests/cli/commands/small-commands-improvements.test.ts': No space left on device
cp: error writing '/tmp/probe/tests/cli/commands/doctor-watch-provider.test.ts': No space left on device
cp: error writing '/tmp/probe/tests/cli/commands/watch-overhaul.test.ts': No space left on device
cp: error writing '/tmp/probe/tests/cli/commands/cleanup-dryrun.test.ts': No space left on device
cp: error writing '/tmp/probe/tests/cli/commands/sync.test.ts': No space left on device
cp: error writing '/tmp/probe/tests/cli/commands/review-finalize-onboard-upgrade-plugin-archive-debt-improvements.test.ts': No space left on device
cp: error writing '/tmp/probe/tests/cli/commands/attach-overhaul.test.ts': No space left on device
cp: error writing '/tmp/probe/tests/cli/commands/init-gitignore.test.ts': No space left on device
cp: error writing '/tmp/probe/tests/cli/commands/retro-rich.test.ts': No space left on device
cp: error writing '/tmp/probe/tests/cli/commands/init.test.ts': No space left on device
cp: error writing '/tmp/probe/tests/cli/commands/serve-acceptance-composition.test.ts': No space left on device
cp: error writing '/tmp/probe/tests/cli/commands/sync-onboard-upgrade-overhaul.test.ts': No space left on device
cp: error writing '/tmp/probe/tests/cli/commands/nervous.test.ts': No space left on device
cp: error writing '/tmp/probe/tests/cli/commands/dashboard-overhaul.test.ts': No space left on device
cp: error writing '/tmp/probe/tests/cli/commands/config-export.test.ts': No space left on device
cp: error writing '/tmp/probe/tests/cli/commands/multi-provider-spawn-kill-run.test.ts': No space left on device
cp: error writing '/tmp/probe/tests/cli/commands/retro-json.test.ts': No space left on device
cp: error writing '/tmp/probe/tests/cli/commands/explain-enhanced.test.ts': No space left on device
cp: error writing '/tmp/probe/tests/cli/commands/audit-verify.test.ts': No space left on device
cp: error writing '/tmp/probe/tests/cli/commands/autonomous-mission.test.ts': No space left on device
cp: error writing '/tmp/probe/tests/cli/commands/autonomous.test.ts': No space left on device
cp: error writing '/tmp/probe/tests/cli/commands/checkpoint.test.ts': No space left on device
cp: error writing '/tmp/probe/tests/cli/commands/confirmations.test.ts': No space left on device
cp: error writing '/tmp/probe/tests/cli/commands/memory.test.ts': No space left on device
cp: error writing '/tmp/probe/tests/cli/commands/output.test.ts': No space left on device
cp: error writing '/tmp/probe/tests/cli/commands/plan-nl.test.ts': No space left on device
cp: error writing '/tmp/probe/tests/cli/commands/remember.test.ts': No space left on device
cp: error writing '/tmp/probe/tests/cli/commands/limits.test.ts': No space left on device
cp: error writing '/tmp/probe/tests/cli/commands/approvals.test.ts': No space left on device
cp: error writing '/tmp/probe/tests/cli/commands/truth.test.ts': No space left on device
cp: error writing '/tmp/probe/tests/cli/commands/intelligence.test.ts': No space left on device
cp: error writing '/tmp/probe/tests/cli/commands/config-native-migration.test.ts': No space left on device
cp: error writing '/tmp/probe/tests/cli/agent-delete-confirm.test.ts': No space left on device
cp: error writing '/tmp/probe/tests/cli/term-slice-541-544-e2e.test.ts': No space left on device
cp: error writing '/tmp/probe/tests/cli/config-nervous.test.ts': No space left on device
cp: error writing '/tmp/probe/tests/cli/debt-counter.test.ts': No space left on device
cp: error writing '/tmp/probe/tests/cli/helpers/sprint-summary.test.ts': No space left on device
cp: error writing '/tmp/probe/tests/cli/helpers/agent-templates.test.ts': No space left on device
cp: error writing '/tmp/probe/tests/cli/helpers/codex-config.test.ts': No space left on device
cp: error writing '/tmp/probe/tests/cli/helpers/error-handler.test.ts': No space left on device
cp: error writing '/tmp/probe/tests/cli/helpers/human-status.test.ts': No space left on device
cp: error writing '/tmp/probe/tests/cli/helpers/output-mode.test.ts': No space left on device
cp: error writing '/tmp/probe/tests/cli/helpers/output-skills.test.ts': No space left on device
cp: error writing '/tmp/probe/tests/cli/helpers/output-status-overhaul.test.ts': No space left on device
cp: error writing '/tmp/probe/tests/cli/helpers/prompt.test.ts': No space left on device
cp: error writing '/tmp/probe/tests/cli/helpers/redact-sensitive.test.ts': No space left on device
cp: error writing '/tmp/probe/tests/cli/helpers/splash.test.ts': No space left on device
cp: error writing '/tmp/probe/tests/cli/helpers/theme.test.ts': No space left on device
cp: error writing '/tmp/probe/tests/cli/helpers/wizard-provider.test.ts': No space left on device
cp: error writing '/tmp/probe/tests/cli/helpers/messages.test.ts': No space left on device
cp: error writing '/tmp/probe/tests/cli/helpers/sprint-summary-rich.test.ts': No space left on device
cp: error writing '/tmp/probe/tests/cli/helpers/status-renderer.test.ts': No space left on device
cp: error writing '/tmp/probe/tests/cli/helpers/cursor-config.test.ts': No space left on device
cp: error writing '/tmp/probe/tests/cli/helpers/gemini-config.test.ts': No space left on device
cp: error writing '/tmp/probe/tests/cli/helpers/process-runtime-provider-threading.test.ts': No space left on device
cp: error writing '/tmp/probe/tests/cli/helpers/config-reader.test.ts': No space left on device
cp: error writing '/tmp/probe/tests/cli/helpers/process-runtime-provider-authority.test.ts': No space left on device
cp: error writing '/tmp/probe/tests/cli/helpers/fixtures/terminal-themes.ts': No space left on device
cp: error writing '/tmp/probe/tests/cli/helpers/injected-label.test.ts': No space left on device
cp: error writing '/tmp/probe/tests/cli/helpers/prompt-choice.test.ts': No space left on device
cp: error writing '/tmp/probe/tests/cli/helpers/terminal-links.test.ts': No space left on device
cp: error writing '/tmp/probe/tests/cli/helpers/terminal-readability-gate.test.ts': No space left on device
cp: error writing '/tmp/probe/tests/cli/helpers/terminal-surface.test.ts': No space left on device
cp: error writing '/tmp/probe/tests/cli/helpers/wcag-contrast.test.ts': No space left on device
cp: error writing '/tmp/probe/tests/cli/helpers/message-catalog/memory-export.test.ts': No space left on device
cp: error writing '/tmp/probe/tests/cli/helpers/exact-sprint-runtime.test.ts': No space left on device
cp: error writing '/tmp/probe/tests/cli/helpers/terminal-capabilities.test.ts': No space left on device
cp: error writing '/tmp/probe/tests/cli/run-language-surface.test.ts': No space left on device
cp: error writing '/tmp/probe/tests/cli/hints.test.ts': No space left on device
cp: error writing '/tmp/probe/tests/cli/i18n-errors.test.ts': No space left on device
cp: error writing '/tmp/probe/tests/cli/index.test.ts': No space left on device
cp: error writing '/tmp/probe/tests/cli/memory.test.ts': No space left on device
cp: error writing '/tmp/probe/tests/cli/mode-command.test.ts': No space left on device
cp: error writing '/tmp/probe/tests/cli/nervous-tui-live.test.ts': No space left on device
cp: error writing '/tmp/probe/tests/cli/quick-start.test.ts': No space left on device
cp: error writing '/tmp/probe/tests/cli/registration-harness.test.ts': No space left on device
cp: error writing '/tmp/probe/tests/cli/remember.test.ts': No space left on device
cp: error writing '/tmp/probe/tests/cli/retro-formatter.test.ts': No space left on device
cp: error writing '/tmp/probe/tests/cli/retro-parser.test.ts': No space left on device
cp: error writing '/tmp/probe/tests/cli/skill-publish.test.ts': No space left on device
cp: error writing '/tmp/probe/tests/cli/sprint-complete.test.ts': No space left on device
cp: error writing '/tmp/probe/tests/cli/status-renderer-polish.test.ts': No space left on device
cp: error writing '/tmp/probe/tests/cli/sync.test.ts': No space left on device
cp: error writing '/tmp/probe/tests/cli/version-enhanced.test.ts': No space left on device
cp: error writing '/tmp/probe/tests/cli/watch.test.ts': No space left on device
cp: error writing '/tmp/probe/tests/cli/wizard.test.ts': No space left on device
cp: error writing '/tmp/probe/tests/cli/term-flow-composition.test.ts': No space left on device
cp: error writing '/tmp/probe/tests/cli/app-approval-wire.test.tsx': No space left on device
cp: error writing '/tmp/probe/tests/cli/start-snapshot-branch.test.ts': No space left on device
cp: error writing '/tmp/probe/tests/cli/autonomous-flow-wire.test.ts': No space left on device
cp: error writing '/tmp/probe/tests/cli/chat-spinner.test.ts': No space left on device
cp: error writing '/tmp/probe/tests/cli/calltool-exec-wire.test.ts': No space left on device
cp: error writing '/tmp/probe/tests/cli/plan-nl-cmd.test.ts': No space left on device
cp: error writing '/tmp/probe/tests/cli/approval-terminal-channel.test.ts': No space left on device
cp: error writing '/tmp/probe/tests/cli/doctor-fix.test.ts': No space left on device
cp: error writing '/tmp/probe/tests/cli/do-cmd.test.ts': No space left on device
cp: error writing '/tmp/probe/tests/cli/onboard-apply-wire.test.ts': No space left on device
cp: error writing '/tmp/probe/tests/cli/progress-reader.test.ts': No space left on device
cp: error writing '/tmp/probe/tests/cli/repl-mcp-dispatch.test.ts': No space left on device
cp: error writing '/tmp/probe/tests/cli/repl-input-queue.test.ts': No space left on device
cp: error writing '/tmp/probe/tests/cli/start-prompt-gate-flag.test.ts': No space left on device
cp: error writing '/tmp/probe/tests/cli/finalize-refinalize.test.ts': No space left on device
cp: error writing '/tmp/probe/tests/cli/start-gate-exit.test.ts': No space left on device
cp: error writing '/tmp/probe/tests/cli/stream-markdown.test.ts': No space left on device
cp: error writing '/tmp/probe/tests/cli/status-terminal-receipt.test.ts': No space left on device
cp: error writing '/tmp/probe/tests/cli/start-cost-gate.test.ts': No space left on device
cp: error writing '/tmp/probe/tests/cli/run-pre-dispatch-settlement.test.ts': No space left on device
cp: error writing '/tmp/probe/tests/cli/init-repair-failedsteps.test.ts': No space left on device
cp: error writing '/tmp/probe/tests/cli/doctor-icon-consolidate.test.ts': No space left on device
cp: error writing '/tmp/probe/tests/cli/entry-ndjson-fallback.test.ts': No space left on device
cp: error writing '/tmp/probe/tests/cli/input-bar-cluster.test.ts': No space left on device
cp: error writing '/tmp/probe/tests/cli/denied-tool-honesty.test.ts': No space left on device
cp: error writing '/tmp/probe/tests/cli/slash-case-translit.test.ts': No space left on device
cp: error writing '/tmp/probe/tests/cli/resume-pause-authority.test.ts': No space left on device
cp: error writing '/tmp/probe/tests/cli/doctor-auth-probe.test.ts': No space left on device
cp: error writing '/tmp/probe/tests/cli/review-active-settlement-reference.test.ts': No space left on device
cp: error writing '/tmp/probe/tests/cli/chat-nervous-bridge.test.ts': No space left on device
cp: error writing '/tmp/probe/tests/cli/chat-slash-new-commands.test.ts': No space left on device
cp: error writing '/tmp/probe/tests/cli/render-region-clear.test.ts': No space left on device
cp: error writing '/tmp/probe/tests/cli/repl-deny-toolsink.test.ts': No space left on device
cp: error writing '/tmp/probe/tests/cli/messages-round8-keys.test.ts': No space left on device
cp: error writing '/tmp/probe/tests/cli/kill-all-confirm.test.ts': No space left on device
cp: error writing '/tmp/probe/tests/cli/bg-turns-producer.test.ts': No space left on device
cp: error writing '/tmp/probe/tests/cli/approval-card.test.tsx': No space left on device
cp: error writing '/tmp/probe/tests/cli/run-state-feed.test.ts': No space left on device
cp: error writing '/tmp/probe/tests/cli/off-tty-autoapprove.test.ts': No space left on device
cp: error writing '/tmp/probe/tests/cli/term2-wire.test.ts': No space left on device
cp: error writing '/tmp/probe/tests/cli/plan-preview-scope-gate-labels.test.ts': No space left on device
cp: error writing '/tmp/probe/tests/cli/execution-authority.test.ts': No space left on device
cp: error writing '/tmp/probe/tests/cli/npx-compat.test.ts': No space left on device
cp: error writing '/tmp/probe/tests/cli/buildProgram-smoke.test.ts': No space left on device
cp: error writing '/tmp/probe/tests/cli/doctor-honest.test.ts': No space left on device
cp: error writing '/tmp/probe/tests/cli/entry-provider-ssot.test.ts': No space left on device
cp: error writing '/tmp/probe/tests/cli/native-parity-gate.test.ts': No space left on device
cp: error writing '/tmp/probe/tests/cli/help-surface-wire.test.ts': No space left on device
cp: error writing '/tmp/probe/tests/cli/autonomous-mission.test.ts': No space left on device
cp: error writing '/tmp/probe/tests/cli/catalog-render.test.ts': No space left on device
cp: error writing '/tmp/probe/tests/cli/session-resume.test.ts': No space left on device
cp: error writing '/tmp/probe/tests/cli/status-read-model-wire.test.ts': No space left on device
cp: error writing '/tmp/probe/tests/cli/doctor-preflight-single.test.ts': No space left on device
cp: error writing '/tmp/probe/tests/cli/messages-round9-keys.test.ts': No space left on device
cp: error writing '/tmp/probe/tests/cli/native-tool-registry.test.ts': No space left on device
cp: error writing '/tmp/probe/tests/cli/repl-slash-registry-wire.test.ts': No space left on device
cp: error writing '/tmp/probe/tests/cli/autonomous-tick-reporter.test.ts': No space left on device
cp: error writing '/tmp/probe/tests/cli/sync-eisdir.test.ts': No space left on device
cp: error writing '/tmp/probe/tests/cli/mcp-broker-wire.test.ts': No space left on device
cp: error writing '/tmp/probe/tests/cli/spawn-lifecycle.test.ts': No space left on device
cp: error writing '/tmp/probe/tests/cli/resources-command.test.ts': No space left on device
cp: error writing '/tmp/probe/tests/cli/autonomous-enable.test.ts': No space left on device
cp: error writing '/tmp/probe/tests/cli/init.test.ts': No space left on device
cp: error writing '/tmp/probe/tests/cli/nervous-ipc-route.test.ts': No space left on device
cp: error writing '/tmp/probe/tests/cli/chat-naive-mode.test.ts': No space left on device
cp: error writing '/tmp/probe/tests/cli/nervous-enable.test.ts': No space left on device
cp: error writing '/tmp/probe/tests/cli/autonomous-plan.test.ts': No space left on device
cp: error writing '/tmp/probe/tests/cli/chat-slash-usage.test.ts': No space left on device
cp: error writing '/tmp/probe/tests/cli/acceptance-confirmation-messages.test.ts': No space left on device
cp: error writing '/tmp/probe/tests/cli/tool-permissions.test.ts': No space left on device
cp: error writing '/tmp/probe/tests/cli/plan-surface-postadoption.test.ts': No space left on device
cp: error writing '/tmp/probe/tests/cli/output.test.ts': No space left on device
cp: error writing '/tmp/probe/tests/cli/do-runflow-adapter.test.ts': No space left on device
cp: error writing '/tmp/probe/tests/cli/auto-approve-consistency.test.ts': No space left on device
cp: error writing '/tmp/probe/tests/cli/nl-dispatch-class-gate.test.ts': No space left on device
cp: error writing '/tmp/probe/tests/cli/provider-limits-authoring-wire.test.ts': No space left on device
cp: error writing '/tmp/probe/tests/cli/native-default-flip.test.ts': No space left on device
cp: error writing '/tmp/probe/tests/cli/edit-file-unique.test.ts': No space left on device
cp: error writing '/tmp/probe/tests/cli/cu-status.test.ts': No space left on device
cp: error writing '/tmp/probe/tests/cli/command-registry.test.ts': No space left on device
cp: error writing '/tmp/probe/tests/cli/at-ref-budget.test.ts': No space left on device
cp: error writing '/tmp/probe/tests/cli/status-live-activity.test.ts': No space left on device
cp: error writing '/tmp/probe/tests/cli/chat-tool-exec.test.ts': No space left on device
cp: error writing '/tmp/probe/tests/cli/worktree-binary-authority.test.ts': No space left on device
cp: error writing '/tmp/probe/tests/cli/doctor-resources.test.ts': No space left on device
cp: error writing '/tmp/probe/tests/cli/init-backend-transaction.test.ts': No space left on device
cp: error writing '/tmp/probe/tests/cli/provider-observations.test.ts': No space left on device
cp: error writing '/tmp/probe/tests/cli/doctor-backend-aware.test.ts': No space left on device
cp: error writing '/tmp/probe/tests/cli/checkpoint-i18n.test.ts': No space left on device
cp: error writing '/tmp/probe/tests/cli/flow-self-dispatch.test.ts': No space left on device
cp: error writing '/tmp/probe/tests/cli/autonomous-i18n.test.ts': No space left on device
cp: error writing '/tmp/probe/tests/cli/chat-tool-exec-errors.test.ts': No space left on device
cp: error writing '/tmp/probe/tests/cli/run-flow-controller.test.ts': No space left on device
cp: error writing '/tmp/probe/tests/cli/openrouter-probe.test.ts': No space left on device
cp: error writing '/tmp/probe/tests/cli/do-real-plan.test.ts': No space left on device
cp: error writing '/tmp/probe/tests/cli/nervous-accept-recommendation.test.ts': No space left on device
cp: error writing '/tmp/probe/tests/cli/finalize-orphan-normal.test.ts': No space left on device
cp: error writing '/tmp/probe/tests/cli/commands.test.ts': No space left on device
cp: error writing '/tmp/probe/tests/cli/repl-agentic-enterprise-wire.test.ts': No space left on device
cp: error writing '/tmp/probe/tests/cli/approval-lifecycle-messages.test.ts': No space left on device
cp: error writing '/tmp/probe/tests/cli/sync-skill.test.ts': No space left on device
cp: error writing '/tmp/probe/tests/cli/skill-create-gate.test.ts': No space left on device
cp: error writing '/tmp/probe/tests/cli/sync-workspace.test.ts': No space left on device
cp: error writing '/tmp/probe/tests/cli/provider-switch.test.ts': No space left on device
cp: error writing '/tmp/probe/tests/cli/chat-render.test.ts': No space left on device
cp: error writing '/tmp/probe/tests/cli/mcp-command.test.ts': No space left on device
cp: error writing '/tmp/probe/tests/cli/status-truth-gate.test.ts': No space left on device
cp: error writing '/tmp/probe/tests/cli/status-json-contract.test.ts': No space left on device
cp: error writing '/tmp/probe/tests/cli/run.test.ts': No space left on device
cp: error writing '/tmp/probe/tests/cli/repl-banner-wire.test.ts': No space left on device
cp: error writing '/tmp/probe/tests/cli/repl-do-slash-wire.test.ts': No space left on device
cp: error writing '/tmp/probe/tests/cli/repl-confirm-queue.test.ts': No space left on device
cp: error writing '/tmp/probe/tests/cli/i18n.test.ts': No space left on device
cp: error writing '/tmp/probe/tests/cli/agentic-dispatch-overmatch.test.ts': No space left on device
cp: error writing '/tmp/probe/tests/cli/skill-list-v2-manifest.test.ts': No space left on device
cp: error writing '/tmp/probe/tests/cli/term-mode.test.ts': No space left on device
cp: error writing '/tmp/probe/tests/cli/nervous-command.test.ts': No space left on device
cp: error writing '/tmp/probe/tests/cli/repl-surface-wire.test.tsx': No space left on device
cp: error writing '/tmp/probe/tests/cli/run-flow-controller-complete.test.ts': No space left on device
cp: error writing '/tmp/probe/tests/cli/cli-bin-invocation.test.ts': No space left on device
cp: error writing '/tmp/probe/tests/cli/autonomous-approve.test.ts': No space left on device
cp: error writing '/tmp/probe/tests/cli/kill-sprint-targeted.test.ts': No space left on device
cp: error writing '/tmp/probe/tests/cli/config-nervous-i18n.test.ts': No space left on device
cp: error writing '/tmp/probe/tests/cli/run-flow-scope-mirror.test.ts': No space left on device
cp: error writing '/tmp/probe/tests/cli/mode-help.test.ts': No space left on device
cp: error writing '/tmp/probe/tests/cli/dashboard-dir.test.ts': No space left on device
cp: error writing '/tmp/probe/tests/cli/serve-terminal.test.ts': No space left on device
cp: error writing '/tmp/probe/tests/cli/run-rename-alias.test.ts': No space left on device
cp: error writing '/tmp/probe/tests/cli/gateway.test.ts': No space left on device
cp: error writing '/tmp/probe/tests/cli/recovery-lifecycle-binary.integration.test.ts': No space left on device
cp: error writing '/tmp/probe/tests/cli/repl-cursor-model.test.ts': No space left on device
cp: error writing '/tmp/probe/tests/cli/rich-output.test.ts': No space left on device
cp: error writing '/tmp/probe/tests/cli/doctor-ram-experiment.test.ts': No space left on device
cp: error writing '/tmp/probe/tests/cli/nervous-i18n.test.ts': No space left on device
cp: error writing '/tmp/probe/tests/cli/mode-run-alias.test.ts': No space left on device
cp: error writing '/tmp/probe/tests/cli/run-flow-mount.test.ts': No space left on device
cp: error writing '/tmp/probe/tests/cli/pack-size-budget.test.ts': No space left on device
cp: error writing '/tmp/probe/tests/cli/f9-002-discovery.test.ts': No space left on device
cp: error writing '/tmp/probe/tests/cli/at-ref.test.ts': No space left on device
cp: error writing '/tmp/probe/tests/cli/chat-tool-exec-read-surface.test.ts': No space left on device
cp: error writing '/tmp/probe/tests/cli/checkpoint-list.test.ts': No space left on device
cp: error writing '/tmp/probe/tests/cli/sync-capabilities-migrate.test.ts': No space left on device
cp: error writing '/tmp/probe/tests/cli/task-settlement.test.ts': No space left on device
cp: error writing '/tmp/probe/tests/cli/enterprise-bridge-timeout.test.ts': No space left on device
cp: error writing '/tmp/probe/tests/cli/run-rename-smoke.test.ts': No space left on device
cp: error writing '/tmp/probe/tests/cli/deckent-bash-timeout-platform.test.ts': No space left on device
cp: error writing '/tmp/probe/tests/cli/line-edit.test.ts': No space left on device
cp: error writing '/tmp/probe/tests/cli/chat-native-clear-context.test.ts': No space left on device
cp: error writing '/tmp/probe/tests/cli/provider-parity-robust.test.ts': No space left on device
cp: error writing '/tmp/probe/tests/cli/spawn-error-listener.test.ts': No space left on device
cp: error writing '/tmp/probe/tests/cli/chat-render-markdown.test.ts': No space left on device
cp: error writing '/tmp/probe/tests/cli/tool-bridge-timeout.test.ts': No space left on device
cp: error writing '/tmp/probe/tests/cli/provider-switch-invalid.test.ts': No space left on device
cp: error writing '/tmp/probe/tests/cli/chat-session-reconcile.test.ts': No space left on device
cp: error writing '/tmp/probe/tests/cli/nervous-slash-applies.test.ts': No space left on device
cp: error writing '/tmp/probe/tests/cli/provider-authority-process-runtime.test.ts': No space left on device
cp: error writing '/tmp/probe/tests/cli/sigterm-teardown.test.ts': No space left on device
cp: error writing '/tmp/probe/tests/cli/line-edit-codepoint.test.ts': No space left on device
cp: error writing '/tmp/probe/tests/cli/mcp-bridge-drop-warn.test.ts': No space left on device
cp: error writing '/tmp/probe/tests/cli/approval-channel-dispose.test.ts': No space left on device
cp: error writing '/tmp/probe/tests/cli/native-slash-bridge.test.ts': No space left on device
cp: error writing '/tmp/probe/tests/cli/f9-003-trust-gate.test.ts': No space left on device
cp: error writing '/tmp/probe/tests/cli/nested-dispatch-honesty.test.ts': No space left on device
cp: error writing '/tmp/probe/tests/cli/truth-command.test.ts': No space left on device
cp: error writing '/tmp/probe/tests/cli/run-state-feed-corr.test.ts': No space left on device
cp: error writing '/tmp/probe/tests/cli/test-run.test.ts': No space left on device
cp: error writing '/tmp/probe/tests/cli/init-noninteractive.test.ts': No space left on device
cp: error writing '/tmp/probe/tests/cli/input-bar-527.test.ts': No space left on device
cp: error writing '/tmp/probe/tests/cli/epipe-graceful.test.ts': No space left on device
cp: error writing '/tmp/probe/tests/cli/init-outcome-honesty.test.ts': No space left on device
cp: error writing '/tmp/probe/tests/cli/canonical-cutover-specs.test.ts': No space left on device
cp: error writing '/tmp/probe/tests/cli/init-exitcode-contract.test.ts': No space left on device
cp: error writing '/tmp/probe/tests/cli/repl-i18n-flip.test.ts': No space left on device
cp: error writing '/tmp/probe/tests/cli/repl/native-transport.test.ts': No space left on device
cp: error writing '/tmp/probe/tests/cli/repl/run.test.ts': No space left on device
cp: error writing '/tmp/probe/tests/cli/repl/operator-strip-lifecycle.test.tsx': No space left on device
cp: error writing '/tmp/probe/tests/cli/repl/nervous-bridge.test.ts': No space left on device
cp: error writing '/tmp/probe/tests/cli/repl/input-history.test.ts': No space left on device
cp: error writing '/tmp/probe/tests/cli/repl/busy-controls.test.ts': No space left on device
cp: error writing '/tmp/probe/tests/cli/repl/inbox-card-render.test.tsx': No space left on device
cp: error writing '/tmp/probe/tests/cli/repl/mcp-bridge.test.ts': No space left on device
cp: error writing '/tmp/probe/tests/cli/repl/ink-stabilize.test.ts': No space left on device
cp: error writing '/tmp/probe/tests/cli/repl/plan-preview-card.test.ts': No space left on device
cp: error writing '/tmp/probe/tests/cli/repl/app.test.ts': No space left on device
cp: error writing '/tmp/probe/tests/cli/repl/history-ink-wire.test.tsx': No space left on device
cp: error writing '/tmp/probe/tests/cli/repl/onboarding-ui.test.tsx': No space left on device
cp: error writing '/tmp/probe/tests/cli/repl/rpc-client.test.ts': No space left on device
cp: error writing '/tmp/probe/tests/cli/repl/provider-bootstrap.test.ts': No space left on device
cp: error writing '/tmp/probe/tests/cli/repl/native-tool-skill-dispatch.test.ts': No space left on device
cp: error writing '/tmp/probe/tests/cli/repl/provider-evidence-http.test.ts': No space left on device
cp: error writing '/tmp/probe/tests/cli/repl/stream-segmenter-utf8.test.ts': No space left on device
cp: error writing '/tmp/probe/tests/cli/repl/approval-card-render.test.tsx': No space left on device
cp: error writing '/tmp/probe/tests/cli/repl/term-compat-matrix.test.ts': No space left on device
cp: error writing '/tmp/probe/tests/cli/repl/f11-016-stab.test.tsx': No space left on device
cp: error writing '/tmp/probe/tests/cli/repl/operator-strip-dynamic.test.tsx': No space left on device
cp: error writing '/tmp/probe/tests/cli/repl/paste-composer.test.ts': No space left on device
cp: error writing '/tmp/probe/tests/cli/repl/native-session-lifecycle-present.test.ts': No space left on device
cp: error writing '/tmp/probe/tests/cli/repl/session-ledger.test.ts': No space left on device
cp: error writing '/tmp/probe/tests/cli/repl/native-runtime-truth.test.ts': No space left on device
cp: error writing '/tmp/probe/tests/cli/repl/transcript-turn-view.test.tsx': No space left on device
cp: error writing '/tmp/probe/tests/cli/repl/static-prose-batch.test.ts': No space left on device
cp: error writing '/tmp/probe/tests/cli/repl/app-picker-mutex.test.ts': No space left on device
cp: error writing '/tmp/probe/tests/cli/repl/approval-card-facts.test.tsx': No space left on device
cp: error writing '/tmp/probe/tests/cli/repl/interrupt-policy.test.tsx': No space left on device
cp: error writing '/tmp/probe/tests/cli/repl/ink-palette.test.ts': No space left on device
cp: error writing '/tmp/probe/tests/cli/repl/input-bar-caret-style.test.tsx': No space left on device
cp: error writing '/tmp/probe/tests/cli/repl/slash-menu-more-labels.test.tsx': No space left on device
cp: error writing '/tmp/probe/tests/cli/repl/live-footer-labels.test.ts': No space left on device
cp: error writing '/tmp/probe/tests/cli/repl/multiline-composer.test.tsx': No space left on device
cp: error writing '/tmp/probe/tests/cli/repl/picker-card-render.test.tsx': No space left on device
cp: error writing '/tmp/probe/tests/cli/repl/picker-catalog.test.ts': No space left on device
cp: error writing '/tmp/probe/tests/cli/repl/picker-closure.test.tsx': No space left on device
cp: error writing '/tmp/probe/tests/cli/repl/picker-config.test.ts': No space left on device
cp: error writing '/tmp/probe/tests/cli/repl/picker-degrade.test.ts': No space left on device
cp: error writing '/tmp/probe/tests/cli/repl/picker-evidence-surfaces.test.ts': No space left on device
cp: error writing '/tmp/probe/tests/cli/repl/picker-specs.test.ts': No space left on device
cp: error writing '/tmp/probe/tests/cli/repl/picker-surfaces.test.ts': No space left on device
cp: error writing '/tmp/probe/tests/cli/repl/picker-vocabulary.test.ts': No space left on device
cp: error writing '/tmp/probe/tests/cli/repl/picker.test.ts': No space left on device
cp: error writing '/tmp/probe/tests/cli/repl/provider-evidence.test.ts': No space left on device
cp: error writing '/tmp/probe/tests/cli/repl/readline-authority.test.ts': No space left on device
cp: error writing '/tmp/probe/tests/cli/repl/session-authority-wire.test.ts': No space left on device
cp: error writing '/tmp/probe/tests/cli/repl/session-authority.test.ts': No space left on device
cp: error writing '/tmp/probe/tests/cli/repl/shell-confirm-once.test.tsx': No space left on device
cp: error writing '/tmp/probe/tests/cli/repl/approval-keyboard-transition.test.tsx': No space left on device
cp: error writing '/tmp/probe/tests/cli/repl/status-row-render.test.tsx': No space left on device
cp: error writing '/tmp/probe/tests/cli/repl/status-row.test.ts': No space left on device
cp: error writing '/tmp/probe/tests/cli/repl/string-free-closure.test.ts': No space left on device
cp: error writing '/tmp/probe/tests/cli/repl/term-gate.test.ts': No space left on device
cp: error writing '/tmp/probe/tests/cli/repl/term-posture-default.test.ts': No space left on device
cp: error writing '/tmp/probe/tests/cli/repl/grapheme-caret.test.tsx': No space left on device
cp: error writing '/tmp/probe/tests/cli/repl/input-debug-wire.test.tsx': No space left on device
cp: error writing '/tmp/probe/tests/cli/repl/app-keyboard-ownership.test.tsx': No space left on device
cp: error writing '/tmp/probe/tests/cli/repl/renderer-i18n.test.tsx': No space left on device
cp: error writing '/tmp/probe/tests/cli/repl/slash-menu-submit.test.ts': No space left on device
cp: error writing '/tmp/probe/tests/cli/repl/active-turn-cancel-http.test.tsx': No space left on device
cp: error writing '/tmp/probe/tests/cli/repl/native-reasoning-indicator.test.tsx': No space left on device
cp: error writing '/tmp/probe/tests/cli/repl/sprint-context-input.test.ts': No space left on device
cp: error writing '/tmp/probe/tests/cli/repl/native-tool-activity.test.tsx': No space left on device
cp: error writing '/tmp/probe/tests/cli/repl/native-request-metrics.test.tsx': No space left on device
cp: error writing '/tmp/probe/tests/cli/repl/terminal-resize-mediator.test.ts': No space left on device
cp: error writing '/tmp/probe/tests/cli/repl/tool-read-card.test.tsx': No space left on device
cp: error writing '/tmp/probe/tests/cli/repl/tool-read-ingress.test.tsx': No space left on device
cp: error writing '/tmp/probe/tests/cli/repl/tool-read-model.test.ts': No space left on device
cp: error writing '/tmp/probe/tests/cli/repl/native-permission-round.test.tsx': No space left on device
cp: error writing '/tmp/probe/tests/cli/repl/approval-card-async.test.tsx': No space left on device
cp: error writing '/tmp/probe/tests/cli/repl/approval-terminal-command.test.ts': No space left on device
cp: error writing '/tmp/probe/tests/cli/repl/native-permission-approval.test.ts': No space left on device
cp: error writing '/tmp/probe/tests/cli/repl/native-permission-card.test.tsx': No space left on device
cp: error writing '/tmp/probe/tests/cli/repl/reduced-motion.test.tsx': No space left on device
cp: error writing '/tmp/probe/tests/cli/repl/interaction-flow.test.ts': No space left on device
cp: error writing '/tmp/probe/tests/cli/repl/tool-target.test.ts': No space left on device
cp: error writing '/tmp/probe/tests/cli/repl/structured-action-authority.test.ts': No space left on device
cp: error writing '/tmp/probe/tests/cli/repl/structured-action-ingress.test.tsx': No space left on device
cp: error writing '/tmp/probe/tests/cli/repl/structured-action-picker.test.ts': No space left on device
cp: error writing '/tmp/probe/tests/cli/repl/terminal-glyphs.test.tsx': No space left on device
cp: error writing '/tmp/probe/tests/cli/repl/input-debug.test.ts': No space left on device
cp: error writing '/tmp/probe/tests/cli/repl/turn-abort-wire.test.tsx': No space left on device
cp: error writing '/tmp/probe/tests/cli/repl/context-slashes.test.tsx': No space left on device
cp: error writing '/tmp/probe/tests/cli/repl/reference-progress-bridge.test.ts': No space left on device
cp: error writing '/tmp/probe/tests/cli/repl/reference-progress-view.test.ts': No space left on device
cp: error writing '/tmp/probe/tests/cli/repl/reference-signal-localization.test.ts': No space left on device
cp: error writing '/tmp/probe/tests/cli/repl/startup-health-lifecycle.test.tsx': No space left on device
cp: error writing '/tmp/probe/tests/cli/autonomous-command.test.ts': No space left on device
cp: error writing '/tmp/probe/tests/cli/help-dynamic-counts.test.ts': No space left on device
cp: error writing '/tmp/probe/tests/cli/kill-cascade.test.ts': No space left on device
cp: error writing '/tmp/probe/tests/cli/flow-command.test.ts': No space left on device
cp: error writing '/tmp/probe/tests/cli/chat-native-memory.test.ts': No space left on device
cp: error writing '/tmp/probe/tests/cli/chat-native-flag.test.ts': No space left on device
cp: error writing '/tmp/probe/tests/cli/messages-writer-lease.test.ts': No space left on device
cp: error writing '/tmp/probe/tests/cli/connect-auth-state.test.ts': No space left on device
cp: error writing '/tmp/probe/tests/cli/native-transport-limit.test.ts': No space left on device
cp: error writing '/tmp/probe/tests/cli/native-budget-renewal-surface.test.ts': No space left on device
cp: error writing '/tmp/probe/tests/cli/native-transport-selection.test.ts': No space left on device
cp: error writing '/tmp/probe/tests/cli/run-attempt-custody.test.ts': No space left on device
cp: error writing '/tmp/probe/tests/cli/chat-slash-interrogate.test.ts': No space left on device
cp: error writing '/tmp/probe/tests/cli/chat-slash-resources.test.ts': No space left on device
cp: error writing '/tmp/probe/tests/cli/doctor-windows-profile.test.ts': No space left on device
cp: error writing '/tmp/probe/tests/cli/messages-pending-keys.test.ts': No space left on device
cp: error writing '/tmp/probe/tests/cli/cred-resolution.test.ts': No space left on device
cp: error writing '/tmp/probe/tests/cli/repl-clear-ansi.test.ts': No space left on device
cp: error writing '/tmp/probe/tests/cli/catalog-lazy-bootstrap.test.ts': No space left on device
cp: error writing '/tmp/probe/tests/cli/risk-language.test.ts': No space left on device
cp: error writing '/tmp/probe/tests/cli/native-stabilization-proof.test.ts': No space left on device
cp: error writing '/tmp/probe/tests/cli/chat-native-multiturn.test.ts': No space left on device
cp: error writing '/tmp/probe/tests/cli/limits-provider-general.test.ts': No space left on device
cp: error writing '/tmp/probe/tests/cli/chat-native-stream.test.ts': No space left on device
cp: error writing '/tmp/probe/tests/cli/rbac-grant.test.ts': No space left on device
cp: error writing '/tmp/probe/tests/cli/tool-exec-labels.test.ts': No space left on device
cp: error writing '/tmp/probe/tests/cli/plan-interrogate.test.ts': No space left on device
cp: error writing '/tmp/probe/tests/cli/chat-resume-flag.test.ts': No space left on device
cp: error writing '/tmp/probe/tests/cli/detached-start.test.ts': No space left on device
cp: error writing '/tmp/probe/tests/cli/chat-tool-exec-git.test.ts': No space left on device
cp: error writing '/tmp/probe/tests/cli/chat-turn-queue-runflow.test.ts': No space left on device
cp: error writing '/tmp/probe/tests/cli/doctor-twin-dedup.test.ts': No space left on device
cp: error writing '/tmp/probe/tests/cli/run-flow-result-turn.test.ts': No space left on device
cp: error writing '/tmp/probe/tests/cli/start-sandbox.test.ts': No space left on device
cp: error writing '/tmp/probe/tests/cli/chat-native-provider.test.ts': No space left on device
cp: error writing '/tmp/probe/tests/cli/plan-nl-adapter.test.ts': No space left on device
cp: error writing '/tmp/probe/tests/cli/status-comms.test.ts': No space left on device
cp: error writing '/tmp/probe/tests/cli/doctor-routing-journal.test.ts': No space left on device
cp: error writing '/tmp/probe/tests/cli/mcp-tool-count.test.ts': No space left on device
cp: error writing '/tmp/probe/tests/cli/atref-tool-mediated-battery.test.ts': No space left on device
cp: error writing '/tmp/probe/tests/cli/usage-command.test.ts': No space left on device
cp: error writing '/tmp/probe/tests/cli/mcp-attach.test.ts': No space left on device
cp: error writing '/tmp/probe/tests/cli/context-lifecycle-ux.test.ts': No space left on device
cp: error writing '/tmp/probe/tests/cli/audit-command.test.ts': No space left on device
cp: error writing '/tmp/probe/tests/cli/rbac-command.test.ts': No space left on device
cp: error writing '/tmp/probe/tests/cli/chat-native-tooldispatch.test.ts': No space left on device
cp: error writing '/tmp/probe/tests/cli/watch-follow.test.ts': No space left on device
cp: error writing '/tmp/probe/tests/cli/autonomous-v2-goaldeps.test.ts': No space left on device
cp: error writing '/tmp/probe/tests/cli/doctor-providers.test.ts': No space left on device
cp: error writing '/tmp/probe/tests/cli/status-json-contract.integration.test.ts': No space left on device
cp: error writing '/tmp/probe/tests/cli/native-repl-wire.test.ts': No space left on device
cp: error writing '/tmp/probe/tests/cli/agentic-confirm-harden.test.ts': No space left on device
cp: error writing '/tmp/probe/tests/cli/tool-bridge-err-class.test.ts': No space left on device
cp: error writing '/tmp/probe/tests/cli/native-turn-accounting.test.ts': No space left on device
cp: error writing '/tmp/probe/tests/cli/approval-inputbar-mutex.test.tsx': No space left on device
cp: error writing '/tmp/probe/tests/cli/doctor-preflight-honesty.test.ts': No space left on device
cp: error writing '/tmp/probe/tests/cli/chat-status-line.test.ts': No space left on device
cp: error writing '/tmp/probe/tests/cli/repl-tool-multi-tag-repro.test.ts': No space left on device
cp: error writing '/tmp/probe/tests/cli/chat-session-stream-collect.test.ts': No space left on device
cp: error writing '/tmp/probe/tests/cli/chat-native-roundtrip.test.ts': No space left on device
cp: error writing '/tmp/probe/tests/cli/health-snapshot.test.ts': No space left on device
cp: error writing '/tmp/probe/tests/cli/repl-render-region.test.ts': No space left on device
cp: error writing '/tmp/probe/tests/cli/turn-stats.test.ts': No space left on device
cp: error writing '/tmp/probe/tests/cli/tool-telemetry.test.ts': No space left on device
cp: error writing '/tmp/probe/tests/cli/f11-014-codex-parity.test.ts': No space left on device
cp: error writing '/tmp/probe/tests/cli/agentic-session.test.ts': No space left on device
cp: error writing '/tmp/probe/tests/cli/chat-agentic-dispatch.test.ts': No space left on device
cp: error writing '/tmp/probe/tests/cli/chat-repl-ux.test.ts': No space left on device
cp: error writing '/tmp/probe/tests/cli/default-repl.test.ts': No space left on device
cp: error writing '/tmp/probe/tests/cli/chat-native-flags.test.ts': No space left on device
cp: error writing '/tmp/probe/tests/cli/index-runflow-wiring.test.ts': No space left on device
cp: error writing '/tmp/probe/tests/cli/repl-provider-parity.test.ts': No space left on device
cp: error writing '/tmp/probe/tests/cli/chat-mode.test.ts': No space left on device
cp: error writing '/tmp/probe/tests/cli/chat-enterprise-bridge.test.ts': No space left on device
cp: error writing '/tmp/probe/tests/cli/term-simple-mode.test.ts': No space left on device
cp: error writing '/tmp/probe/tests/cli/repl-provider-resolve.test.ts': No space left on device
cp: error writing '/tmp/probe/tests/cli/repl-turn-exception.test.ts': No space left on device
cp: error writing '/tmp/probe/tests/cli/repl-dispatch-parity.test.ts': No space left on device
cp: error writing '/tmp/probe/tests/cli/chat-layout.test.ts': No space left on device
cp: error writing '/tmp/probe/tests/cli/chat-native-indicator.test.ts': No space left on device
cp: error writing '/tmp/probe/tests/cli/agentic-confirm.test.ts': No space left on device
cp: error writing '/tmp/probe/tests/cli/chat-session-persistent.test.ts': No space left on device
cp: error writing '/tmp/probe/tests/cli/audit-readside.test.ts': No space left on device
cp: error writing '/tmp/probe/tests/cli/chat-banner.test.ts': No space left on device
cp: error writing '/tmp/probe/tests/cli/chat-permissions.test.ts': No space left on device
cp: error writing '/tmp/probe/tests/cli/repl-input-terminal.test.ts': No space left on device
cp: error writing '/tmp/probe/tests/cli/repl-prompt-echo.test.ts': No space left on device
cp: error writing '/tmp/probe/tests/cli/slash-completer.test.ts': No space left on device
cp: error writing '/tmp/probe/tests/cli/chat-slash-menu.test.ts': No space left on device
cp: error writing '/tmp/probe/tests/cli/limits-command.test.ts': No space left on device
cp: error writing '/tmp/probe/tests/cli/chat-resume.test.ts': No space left on device
cp: error writing '/tmp/probe/tests/cli/chat-native-persist.test.ts': No space left on device
cp: error writing '/tmp/probe/tests/cli/worktree-binary-authority-live.test.ts': No space left on device
cp: error writing '/tmp/probe/tests/cli/status-renderer-pending.test.ts': No space left on device
cp: error writing '/tmp/probe/tests/cli/serve.test.ts': No space left on device
cp: error writing '/tmp/probe/tests/cli/plan-yes-flag.test.ts': No space left on device
cp: error writing '/tmp/probe/tests/cli/finalize-rule-regen.test.ts': No space left on device
cp: error writing '/tmp/probe/tests/cli/approvals-lifecycle-view.test.ts': No space left on device
cp: error writing '/tmp/probe/tests/cli/autonomous-approval-lifecycle.test.ts': No space left on device
cp: error writing '/tmp/probe/tests/cli/bot-approval-risk-tier.test.ts': No space left on device
cp: error writing '/tmp/probe/tests/cli/confirmations-lifecycle.test.ts': No space left on device
cp: error writing '/tmp/probe/tests/cli/gateway-pair-lifecycle.test.ts': No space left on device
cp: error writing '/tmp/probe/tests/cli/confirmations-acceptance-service.test.ts': No space left on device
cp: error writing '/tmp/probe/tests/cli/approvals-confirmation-lineage.test.ts': No space left on device
cp: error writing '/tmp/probe/tests/cli/recover-force-checkpoint-preservation.test.ts': No space left on device
cp: error writing '/tmp/probe/tests/cli/recovery-truth-real-binary.integration.test.ts': No space left on device
cp: error writing '/tmp/probe/tests/cli/provider-observations-reconciliation.test.ts': No space left on device
cp: error writing '/tmp/probe/tests/cli/native-mock-adapter.test.ts': No space left on device
cp: error writing '/tmp/probe/tests/cli/native-elapsed.test.ts': No space left on device
cp: error writing '/tmp/probe/tests/cli/spawn-final-only-parity.test.ts': No space left on device
cp: error writing '/tmp/probe/tests/cli/provider-observation-adoption-receipt.integration.test.ts': No space left on device
cp: error writing '/tmp/probe/tests/cli/image-build.test.ts': No space left on device
cp: error writing '/tmp/probe/tests/cli/f1005-ollama-image.test.ts': No space left on device
cp: error writing '/tmp/probe/tests/cli/img2-init-fold.test.ts': No space left on device
cp: error writing '/tmp/probe/tests/cli/chat-tool-bridge.test.ts': No space left on device
cp: error writing '/tmp/probe/tests/cli/init-image-integration.test.ts': No space left on device
cp: error writing '/tmp/probe/tests/cli/spawn-final-only-real-binary.test.ts': No space left on device
cp: error writing '/tmp/probe/tests/cli/flow-run-command.test.ts': No space left on device
cp: error writing '/tmp/probe/tests/cli/run-budget-contract.test.ts': No space left on device
cp: error writing '/tmp/probe/tests/cli/repl-input-bar-menu-submit.test.ts': No space left on device
cp: error writing '/tmp/probe/tests/cli/cleanup-authority.test.ts': No space left on device
cp: error writing '/tmp/probe/tests/cli/chat-setup-intents.test.ts': No space left on device
cp: error writing '/tmp/probe/tests/cli/doctor-platform-auth.test.ts': No space left on device
cp: error writing '/tmp/probe/tests/cli/repl-nervous-wire.test.ts': No space left on device
cp: error writing '/tmp/probe/tests/cli/status-terminal-publication-race.test.ts': No space left on device
cp: error writing '/tmp/probe/tests/cli/autonomous-v1-provider-authority.test.ts': No space left on device
cp: error writing '/tmp/probe/tests/cli/mcp-client-gate.test.ts': No space left on device
cp: error writing '/tmp/probe/tests/cli/evolve-command.test.ts': No space left on device
cp: error writing '/tmp/probe/tests/cli/gateway-pair.test.ts': No space left on device
cp: error writing '/tmp/probe/tests/cli/config-global.test.ts': No space left on device
cp: error writing '/tmp/probe/tests/cli/tool-permission-tier.test.ts': No space left on device
cp: error writing '/tmp/probe/tests/cli/tool-registry-empty-desc.test.ts': No space left on device
cp: error writing '/tmp/probe/tests/cli/identity-messages.test.ts': No space left on device
cp: error writing '/tmp/probe/tests/cli/i18n-hardcode-cleanup.test.ts': No space left on device
cp: error writing '/tmp/probe/tests/cli/models.test.ts': No space left on device
cp: error writing '/tmp/probe/tests/cli/runtime-hygiene-messages.test.ts': No space left on device
cp: error writing '/tmp/probe/tests/cli/runtime-hygiene-cleanup.test.ts': No space left on device
cp: error writing '/tmp/probe/tests/cli/runtime-hygiene.integration.test.ts': No space left on device
cp: error writing '/tmp/probe/tests/cli/chat-native-provider-switch.test.ts': No space left on device
cp: error writing '/tmp/probe/tests/cli/kpi-no-arg-fallback.test.ts': No space left on device
cp: error writing '/tmp/probe/tests/cli/config-legacy-mode-set.test.ts': No space left on device
cp: error writing '/tmp/probe/tests/cli/mcp-connect-plan.test.ts': No space left on device
cp: error writing '/tmp/probe/tests/cli/tool-exec-symlink.test.ts': No space left on device
cp: error writing '/tmp/probe/tests/cli/stream-segmenter.test.ts': No space left on device
cp: error writing '/tmp/probe/tests/cli/run-completion-watch-corr.test.ts': No space left on device
cp: error writing '/tmp/probe/tests/cli/repl-model-busy-gate.test.ts': No space left on device
cp: error writing '/tmp/probe/tests/cli/provider-authority-keyring.test.ts': No space left on device
cp: error writing '/tmp/probe/tests/cli/repl-errorboundary-i18n.test.ts': No space left on device
cp: error writing '/tmp/probe/tests/cli/trn3-trace-extract.test.ts': No space left on device
cp: error writing '/tmp/probe/tests/cli/onboarding-wizard.test.ts': No space left on device
cp: error writing '/tmp/probe/tests/cli/onboarding-chat-flow.test.ts': No space left on device
cp: error writing '/tmp/probe/tests/cli/sigterm-cleanup.test.ts': No space left on device
cp: error writing '/tmp/probe/tests/cli/messages-round6-keys.test.ts': No space left on device
cp: error writing '/tmp/probe/tests/cli/dpp-provision.test.ts': No space left on device
cp: error writing '/tmp/probe/tests/cli/connect-wizard.test.ts': No space left on device
cp: error writing '/tmp/probe/tests/cli/chat-turn-queue.test.ts': No space left on device
cp: error writing '/tmp/probe/tests/cli/resume-race.test.ts': No space left on device
cp: error writing '/tmp/probe/tests/cli/session-registry.test.ts': No space left on device
cp: error writing '/tmp/probe/tests/cli/live-footer.test.ts': No space left on device
cp: error writing '/tmp/probe/tests/cli/dual-stream.test.ts': No space left on device
cp: error writing '/tmp/probe/tests/cli/connect-cmd.test.ts': No space left on device
cp: error writing '/tmp/probe/tests/cli/wlt-feed-wire.test.ts': No space left on device
cp: error writing '/tmp/probe/tests/cli/cli-bridge-tool-parity.test.ts': No space left on device
cp: error writing '/tmp/probe/tests/cli/builtins/agsk-expand-skills.test.ts': No space left on device
cp: error writing '/tmp/probe/tests/cli/inspect.test.ts': No space left on device
cp: error writing '/tmp/probe/tests/cli/kpi-breach-surface.test.ts': No space left on device
cp: error writing '/tmp/probe/tests/cli/doctor-followups.test.ts': No space left on device
cp: error writing '/tmp/probe/tests/cli/onboard-command.test.ts': No space left on device
cp: error writing '/tmp/probe/tests/cli/onboarding-apply.test.ts': No space left on device
cp: error writing '/tmp/probe/tests/cli/chat-intent-executor.test.ts': No space left on device
cp: error writing '/tmp/probe/tests/cli/start-approved-flow-guard.test.ts': No space left on device
cp: error writing '/tmp/probe/tests/cli/status-paused-render.test.ts': No space left on device
cp: error writing '/tmp/probe/tests/cli/dead-listener-migration.test.ts': No space left on device
cp: error writing '/tmp/probe/tests/cli/runtime-floor.test.ts': No space left on device
cp: error writing '/tmp/probe/tests/cli/xverify-ux.test.ts': No space left on device
cp: error writing '/tmp/probe/tests/cli/recover-resume.test.ts': No space left on device
cp: error writing '/tmp/probe/tests/cli/status-liveness-truth.test.ts': No space left on device
cp: error writing '/tmp/probe/tests/cli/trace-migrate.test.ts': No space left on device
cp: error writing '/tmp/probe/tests/cli/run-result-settlement.test.ts': No space left on device
cp: error writing '/tmp/probe/tests/cli/native-agent-budget-wiring.test.ts': No space left on device
cp: error writing '/tmp/probe/tests/cli/doctor-daemon-hygiene-wire.test.ts': No space left on device
cp: error writing '/tmp/probe/tests/cli/permission-parity.test.ts': No space left on device
cp: error writing '/tmp/probe/tests/cli/local-llm-context.test.ts': No space left on device
cp: error writing '/tmp/probe/tests/cli/doctor-dedup-505.test.ts': No space left on device
cp: error writing '/tmp/probe/tests/cli/agent-surface-readmodel.test.ts': No space left on device
cp: error writing '/tmp/probe/tests/cli/crash-artifact-schema.test.ts': No space left on device
cp: error writing '/tmp/probe/tests/cli/crash-retention-reader.test.ts': No space left on device
cp: error writing '/tmp/probe/tests/cli/desktop-floor-message.test.ts': No space left on device
cp: error writing '/tmp/probe/tests/cli/doctor-provider-authority.test.ts': No space left on device
cp: error writing '/tmp/probe/tests/cli/force-finalize-contract.test.ts': No space left on device
cp: error writing '/tmp/probe/tests/cli/runs-inbox-hygiene.test.ts': No space left on device
cp: error writing '/tmp/probe/tests/cli/skill-surface-readmodel.test.ts': No space left on device
cp: error writing '/tmp/probe/tests/cli/xverify-authority-unlock.test.ts': No space left on device
cp: error writing '/tmp/probe/tests/cli/xverify-tier-floor.test.ts': No space left on device
cp: error writing '/tmp/probe/tests/cli/native-agent-bridge.test.ts': No space left on device
cp: error writing '/tmp/probe/tests/cli/native-agent-scratch-wire.test.ts': No space left on device
cp: error writing '/tmp/probe/tests/cli/native-transport-local.test.ts': No space left on device
cp: error writing '/tmp/probe/tests/cli/local-llm-command.test.ts': No space left on device
cp: error writing '/tmp/probe/tests/cli/xverify-waiting-signal.test.ts': No space left on device
cp: error writing '/tmp/probe/tests/cli/finalize-termination-truth.test.ts': No space left on device
cp: error writing '/tmp/probe/tests/cli/status-follow.test.ts': No space left on device
cp: error writing '/tmp/probe/tests/cli/cleanup-log-archive.test.ts': No space left on device
cp: error writing '/tmp/probe/tests/cli/status-authority-closure-race.test.ts': No space left on device
cp: error writing '/tmp/probe/tests/cli/color-gate.test.ts': No space left on device
cp: error writing '/tmp/probe/tests/cli/root-help-generated.test.ts': No space left on device
cp: error writing '/tmp/probe/tests/cli/resume-budget-reauthorization.test.ts': No space left on device
cp: error writing '/tmp/probe/tests/cli/finalize-sprint-scope.test.ts': No space left on device
cp: error writing '/tmp/probe/tests/cli/native-propose-run-bootstrap.test.ts': No space left on device
cp: error writing '/tmp/probe/tests/cli/native-read-ranged.test.ts': No space left on device
cp: error writing '/tmp/probe/tests/cli/lang-authority.test.ts': No space left on device
cp: error writing '/tmp/probe/tests/cli/cli-description-catalog.test.ts': No space left on device
cp: error writing '/tmp/probe/tests/cli/json-output-contract.test.ts': No space left on device
cp: error writing '/tmp/probe/tests/cli/run-flow-controller-provider-hold.test.ts': No space left on device
cp: error writing '/tmp/probe/tests/cli/surface-registry.test.ts': No space left on device
cp: error writing '/tmp/probe/tests/cli/surface-contract-catalog.test.ts': No space left on device
cp: error writing '/tmp/probe/tests/cli/surface-contract.test.ts': No space left on device
cp: error writing '/tmp/probe/tests/cli/deprecated-alias-forwarding.test.ts': No space left on device
cp: error writing '/tmp/probe/tests/cli/subcommand-folds.test.ts': No space left on device
cp: error writing '/tmp/probe/tests/cli/approvals-federation-list.test.ts': No space left on device
cp: error writing '/tmp/probe/tests/cli/truth-proof-render.test.ts': No space left on device
cp: error writing '/tmp/probe/tests/cli/reform-batch-integration.real.test.ts': No space left on device
cp: error writing '/tmp/probe/tests/cli/chat-no-cli-fallback.test.ts': No space left on device
cp: error writing '/tmp/probe/tests/cli/describe-tool-params.test.ts': No space left on device
cp: error writing '/tmp/probe/tests/cli/web-removal.test.ts': No space left on device
cp: error writing '/tmp/probe/tests/cli/cli-surface-consolidation-battery.test.ts': No space left on device
cp: error writing '/tmp/probe/tests/cli/intelligence-command.test.ts': No space left on device
cp: error writing '/tmp/probe/tests/cli/cli-memory-catalog-family-contract.test.ts': No space left on device
cp: error writing '/tmp/probe/tests/cli/cli-run-family-contract.test.ts': No space left on device
cp: error writing '/tmp/probe/tests/cli/status-output.test.ts': No space left on device
cp: error writing '/tmp/probe/tests/cli/provider-observation-messages.test.ts': No space left on device
cp: error writing '/tmp/probe/tests/cli/autonomous-notify-lifecycle.test.ts': No space left on device
cp: error writing '/tmp/probe/tests/cli/provider-observations-migration.test.ts': No space left on device
cp: error writing '/tmp/probe/tests/cli/start-notify-lifecycle.test.ts': No space left on device
cp: error writing '/tmp/probe/tests/cli/chat-intent-dispatch.test.ts': No space left on device
cp: error writing '/tmp/probe/tests/cli/messages-completeness.test.ts': No space left on device
cp: error writing '/tmp/probe/tests/cli/usage-comparison.test.ts': No space left on device
cp: error writing '/tmp/probe/tests/cli/xverify-evidence-scope.test.ts': No space left on device
cp: error writing '/tmp/probe/tests/cli/spawn-settlement-attempt.test.ts': No space left on device
cp: error writing '/tmp/probe/tests/cli/finalize-attempt-custody.test.ts': No space left on device
cp: error writing '/tmp/probe/tests/cli/autonomous-planner-transport.test.ts': No space left on device
cp: error writing '/tmp/probe/tests/cli/chat-banner-i18n.test.ts': No space left on device
cp: error writing '/tmp/probe/tests/cli/chat-slash-registry-i18n.test.ts': No space left on device
cp: error writing '/tmp/probe/tests/cli/attended-execution-spawn-authority.test.ts': No space left on device
cp: error writing '/tmp/probe/tests/cli/config-set-values.test.ts': No space left on device
cp: error writing '/tmp/probe/tests/cli/serve-provider-authority.test.ts': No space left on device
cp: error writing '/tmp/probe/tests/cli/health-snapshot-live-provider.test.ts': No space left on device
cp: error writing '/tmp/probe/tests/cli/models-i18n.test.ts': No space left on device
cp: error writing '/tmp/probe/tests/cli/models-interactive.test.ts': No space left on device
cp: error writing '/tmp/probe/tests/cli/native-provider-setting.test.ts': No space left on device
cp: error writing '/tmp/probe/tests/cli/ollama-repl-error-i18n.test.ts': No space left on device
cp: error writing '/tmp/probe/tests/cli/repl-legacy-loop-lang-wire.test.ts': No space left on device
cp: error writing '/tmp/probe/tests/cli/terminal-links-setting.test.ts': No space left on device
cp: error writing '/tmp/probe/tests/cli/models-policy-read.test.ts': No space left on device
cp: error writing '/tmp/probe/tests/cli/recover.test.ts': No space left on device
cp: error writing '/tmp/probe/tests/cli/detached-start-terminal-result.test.ts': No space left on device
cp: error writing '/tmp/probe/tests/cli/native-boot-policy.test.ts': No space left on device
cp: error writing '/tmp/probe/tests/cli/native-mcp-ingress.test.tsx': No space left on device
cp: error writing '/tmp/probe/tests/cli/native-reasoning-surface.test.ts': No space left on device
cp: error writing '/tmp/probe/tests/cli/cli-tool-capture.test.ts': No space left on device
cp: error writing '/tmp/probe/tests/cli/models-json.test.ts': No space left on device
cp: error writing '/tmp/probe/tests/cli/chat-tool-exec-dialect.test.ts': No space left on device
cp: error writing '/tmp/probe/tests/cli/native-read-file-modes.test.ts': No space left on device
cp: error writing '/tmp/probe/tests/cli/approvals-context-truth.test.ts': No space left on device
cp: error writing '/tmp/probe/tests/cli/native-transport-measurement-root.test.ts': No space left on device
cp: error writing '/tmp/probe/tests/cli/planner-evidence-presentation.test.ts': No space left on device
cp: error writing '/tmp/probe/tests/cli/planner-evidence-ingress.test.ts': No space left on device
cp: error writing '/tmp/probe/tests/cli/native-grep.test.ts': No space left on device
cp: error writing '/tmp/probe/tests/cli/startup-performance.test.ts': No space left on device
cp: error writing '/tmp/probe/tests/cli/sync-aggregate.test.ts': No space left on device
cp: error writing '/tmp/probe/tests/cli/sync-truth.test.ts': No space left on device
cp: error writing '/tmp/probe/tests/cli/sync-format.test.ts': No space left on device
cp: error writing '/tmp/probe/tests/cli/sync-git-detection.test.ts': No space left on device
cp: error writing '/tmp/probe/tests/cli/init-splash-consumer.test.ts': No space left on device
cp: error writing '/tmp/probe/tests/cli/sync-async-liveness.test.ts': No space left on device
cp: error writing '/tmp/probe/tests/cli/compatibility-command-help.test.ts': No space left on device
cp: error writing '/tmp/probe/tests/cli/compatibility-forwarding.test.ts': No space left on device
cp: error writing '/tmp/probe/tests/cli/approvals-confirmation-run.test.ts': No space left on device
cp: error writing '/tmp/probe/tests/cli/watch-output.test.ts': No space left on device
cp: error writing '/tmp/probe/tests/config/isolation.test.ts': No space left on device
cp: error writing '/tmp/probe/tests/config/nervous-faz1-smoke.test.ts': No space left on device
cp: error writing '/tmp/probe/tests/config/nervous-enabled.test.ts': No space left on device
cp: error writing '/tmp/probe/tests/config/nervous-reenable-safe.test.ts': No space left on device
cp: error writing '/tmp/probe/tests/connectors/incoming-command-resolver.test.ts': No space left on device
cp: error writing '/tmp/probe/tests/connectors/connector-pool.test.ts': No space left on device
cp: error writing '/tmp/probe/tests/connectors/base-connector.test.ts': No space left on device
cp: error writing '/tmp/probe/tests/connectors/incoming-router.test.ts': No space left on device
cp: error writing '/tmp/probe/tests/connectors/whatsapp-scaffold.test.ts': No space left on device
cp: error writing '/tmp/probe/tests/connectors/approval-telegram.test.ts': No space left on device
cp: error writing '/tmp/probe/tests/connectors/connector-commands-bootstrap.test.ts': No space left on device
cp: error writing '/tmp/probe/tests/connectors/approval-clients.test.ts': No space left on device
cp: error writing '/tmp/probe/tests/connectors/approval-teams.test.ts': No space left on device
cp: error writing '/tmp/probe/tests/connectors/bot-daemon.test.ts': No space left on device
cp: error writing '/tmp/probe/tests/connectors/voice-wire.test.ts': No space left on device
cp: error writing '/tmp/probe/tests/connectors/approval-slack.test.ts': No space left on device
cp: error writing '/tmp/probe/tests/connectors/notification-delivery.test.ts': No space left on device
cp: error writing '/tmp/probe/tests/connectors/bot-memory-read.test.ts': No space left on device
cp: error writing '/tmp/probe/tests/connectors/markdown-to-html.test.ts': No space left on device
cp: error writing '/tmp/probe/tests/connectors/approval-clients-wire.test.ts': No space left on device
cp: error writing '/tmp/probe/tests/connectors/telegram.test.ts': No space left on device
cp: error writing '/tmp/probe/tests/connectors/whatsapp-bootstrap.test.ts': No space left on device
cp: error writing '/tmp/probe/tests/connectors/gateway/gateway-ipc.test.ts': No space left on device
cp: error writing '/tmp/probe/tests/connectors/gateway/gateway-paths.test.ts': No space left on device
cp: error writing '/tmp/probe/tests/connectors/gateway/gateway-router.test.ts': No space left on device
cp: error writing '/tmp/probe/tests/connectors/gateway/gateway-runtime.test.ts': No space left on device
cp: error writing '/tmp/probe/tests/connectors/gateway/project-registry.test.ts': No space left on device
cp: error writing '/tmp/probe/tests/connectors/gateway/runtime-supervisor.test.ts': No space left on device
cp: error writing '/tmp/probe/tests/connectors/gateway/session-registry.test.ts': No space left on device
cp: error writing '/tmp/probe/tests/connectors/gateway/gateway-access-lifecycle.test.ts': No space left on device
cp: error writing '/tmp/probe/tests/connectors/gateway/gateway-daemon-access-reload.test.ts': No space left on device
cp: error writing '/tmp/probe/tests/connectors/gateway/gateway-router-lifecycle.test.ts': No space left on device
cp: error writing '/tmp/probe/tests/connectors/gateway/pairing-no-access-grant.integration.test.ts': No space left on device
cp: error writing '/tmp/probe/tests/connectors/gateway/gateway-access.test.ts': No space left on device
cp: error writing '/tmp/probe/tests/connectors/gateway/gateway-access-bindings.test.ts': No space left on device
cp: error writing '/tmp/probe/tests/connectors/voice-bodyinit.test.ts': No space left on device
cp: error writing '/tmp/probe/tests/connectors/connector-notify-adapter.test.ts': No space left on device
cp: error writing '/tmp/probe/tests/connectors/email-nodemailer-major.test.ts': No space left on device
cp: error writing '/tmp/probe/tests/connectors/bot-agentic.test.ts': No space left on device
cp: error writing '/tmp/probe/tests/connectors/callback-router.test.ts': No space left on device
cp: error writing '/tmp/probe/tests/connectors/bot-action-store.test.ts': No space left on device
cp: error writing '/tmp/probe/tests/connectors/connector-bootstrap.test.ts': No space left on device
cp: error writing '/tmp/probe/tests/connectors/chat-bridge.test.ts': No space left on device
cp: error writing '/tmp/probe/tests/connectors/bot-agentic-tool-approval.test.ts': No space left on device
cp: error writing '/tmp/probe/tests/connectors/incoming-command-router.test.ts': No space left on device
cp: error writing '/tmp/probe/tests/connectors/bot-commands.test.ts': No space left on device
cp: error writing '/tmp/probe/tests/connectors/approval-slack-risk-tier.test.ts': No space left on device
cp: error writing '/tmp/probe/tests/connectors/approval-teams-risk-tier.test.ts': No space left on device
cp: error writing '/tmp/probe/tests/connectors/approval-telegram-risk-tier.test.ts': No space left on device
cp: error writing '/tmp/probe/tests/connectors/incoming-approval-lifecycle.test.ts': No space left on device
cp: error writing '/tmp/probe/tests/connectors/chat-bridge-onpartial.test.ts': No space left on device
cp: error writing '/tmp/probe/tests/connectors/stream-throttle.test.ts': No space left on device
cp: error writing '/tmp/probe/tests/connectors/discord.test.ts': No space left on device
cp: error writing '/tmp/probe/tests/connectors/telegram-streaming.test.ts': No space left on device
cp: error writing '/tmp/probe/tests/connectors/kpi-summary-dispatch.test.ts': No space left on device
cp: error writing '/tmp/probe/tests/connectors/connector-bootstrap-identity.test.ts': No space left on device
cp: error writing '/tmp/probe/tests/connectors/connector-bootstrap-requester-principal.test.ts': No space left on device
cp: error writing '/tmp/probe/tests/connectors/identity-e2e-smoke.test.ts': No space left on device
cp: error writing '/tmp/probe/tests/connectors/incoming-command-router-identity.test.ts': No space left on device
cp: error writing '/tmp/probe/tests/connectors/identity-faz3-e2e.test.ts': No space left on device
cp: error writing '/tmp/probe/tests/connectors/connector-bootstrap-gate-e2e.test.ts': No space left on device
cp: error writing '/tmp/probe/tests/connectors/identity/scim-provider.test.ts': No space left on device
cp: error writing '/tmp/probe/tests/connectors/identity/oidc-claims-provider.test.ts': No space left on device
cp: error writing '/tmp/probe/tests/connectors/identity/factory-faz3.test.ts': No space left on device
cp: error writing '/tmp/probe/tests/connectors/identity/local-provider.test.ts': No space left on device
cp: error writing '/tmp/probe/tests/connectors/identity/identity-store.test.ts': No space left on device
cp: error writing '/tmp/probe/tests/connectors/identity/principal-resolver.test.ts': No space left on device
cp: error writing '/tmp/probe/tests/connectors/identity/role-map.test.ts': No space left on device
cp: error writing '/tmp/probe/tests/connectors/identity/verify-bind.test.ts': No space left on device
cp: error writing '/tmp/probe/tests/connectors/bot-agentic-capabilities.test.ts': No space left on device
cp: error writing '/tmp/probe/tests/connectors/capabilities/enablement-wire.test.ts': No space left on device
cp: error writing '/tmp/probe/tests/connectors/capabilities/execute-principal-gate.test.ts': No space left on device
cp: error writing '/tmp/probe/tests/connectors/capabilities/send-mail.smoke.test.ts': No space left on device
cp: error writing '/tmp/probe/tests/connectors/capabilities/chat-turn-media.test.ts': No space left on device
cp: error writing '/tmp/probe/tests/connectors/capabilities/execute.test.ts': No space left on device
cp: error writing '/tmp/probe/tests/connectors/capabilities/platform.test.ts': No space left on device
cp: error writing '/tmp/probe/tests/connectors/capabilities/policy.test.ts': No space left on device
cp: error writing '/tmp/probe/tests/connectors/capabilities/registry.test.ts': No space left on device
cp: error writing '/tmp/probe/tests/connectors/capabilities/screenshot.smoke.test.ts': No space left on device
cp: error writing '/tmp/probe/tests/connectors/capabilities/screenshot.test.ts': No space left on device
cp: error writing '/tmp/probe/tests/connectors/capabilities/send-mail.test.ts': No space left on device
cp: error writing '/tmp/probe/tests/connectors/capabilities/artifacts.test.ts': No space left on device
cp: error writing '/tmp/probe/tests/connectors/capabilities/pillar1-e2e.test.ts': No space left on device
cp: error writing '/tmp/probe/tests/connectors/telegram-sendmedia.test.ts': No space left on device
cp: error writing '/tmp/probe/tests/connectors/kpi-sprint-summary.test.ts': No space left on device
cp: error writing '/tmp/probe/tests/connectors/approval-resolve.test.ts': No space left on device
cp: error writing '/tmp/probe/tests/connectors/bootstrap-wiring.test.ts': No space left on device
cp: error writing '/tmp/probe/tests/connectors/bot-agentic-sendapproval.test.ts': No space left on device
cp: error writing '/tmp/probe/tests/connectors/chat-bridge-approval.test.ts': No space left on device
cp: error writing '/tmp/probe/tests/connectors/inbound-media.test.ts': No space left on device
cp: error writing '/tmp/probe/tests/connectors/perturn-connector.test.ts': No space left on device
cp: error writing '/tmp/probe/tests/connectors/telegram-getfile.test.ts': No space left on device
cp: error writing '/tmp/probe/tests/connectors/telegram-voice.test.ts': No space left on device
cp: error writing '/tmp/probe/tests/connectors/voice/modality.test.ts': No space left on device
cp: error writing '/tmp/probe/tests/connectors/voice/local-voice.test.ts': No space left on device
cp: error writing '/tmp/probe/tests/connectors/voice/openai-voice.test.ts': No space left on device
cp: error writing '/tmp/probe/tests/connectors/voice/language.test.ts': No space left on device
cp: error writing '/tmp/probe/tests/connectors/voice/health.test.ts': No space left on device
cp: error writing '/tmp/probe/tests/connectors/bot-lifecycle-honesty.test.ts': No space left on device
cp: error writing '/tmp/probe/tests/core/provider-authority-keyring.test.ts': No space left on device
cp: error writing '/tmp/probe/tests/core/effort-tiering.test.ts': No space left on device
cp: error writing '/tmp/probe/tests/core/run-flow-store.test.ts': No space left on device
cp: error writing '/tmp/probe/tests/core/execution-authority-adapter-parity.test.ts': No space left on device
cp: error writing '/tmp/probe/tests/core/prompt-cost-canary.test.ts': No space left on device
cp: error writing '/tmp/probe/tests/core/doc-tracking/config.test.ts': No space left on device
cp: error writing '/tmp/probe/tests/core/doc-tracking/frontmatter.test.ts': No space left on device
cp: error writing '/tmp/probe/tests/core/doc-tracking/git-date.test.ts': No space left on device
cp: error writing '/tmp/probe/tests/core/doc-tracking/glob.test.ts': No space left on device
cp: error writing '/tmp/probe/tests/core/doc-tracking/rank-resolver.test.ts': No space left on device
cp: error writing '/tmp/probe/tests/core/doc-tracking/scanner.test.ts': No space left on device
cp: error writing '/tmp/probe/tests/core/doc-tracking/stale-scorer.test.ts': No space left on device
cp: error writing '/tmp/probe/tests/core/doc-tracking/store.test.ts': No space left on device
cp: error writing '/tmp/probe/tests/core/doc-tracking/code-drift.test.ts': No space left on device
cp: error writing '/tmp/probe/tests/core/doc-tracking/sync.test.ts': No space left on device
cp: error writing '/tmp/probe/tests/core/wm2-dedup.test.ts': No space left on device
cp: error writing '/tmp/probe/tests/core/sprint-file-retention.test.ts': No space left on device
cp: error writing '/tmp/probe/tests/core/task-terminal-outcome.test.ts': No space left on device
cp: error writing '/tmp/probe/tests/core/operation-invocation-conformance.test.ts': No space left on device
cp: error writing '/tmp/probe/tests/core/types-split.test.ts': No space left on device
cp: error writing '/tmp/probe/tests/core/catalog-stats-read-model.test.ts': No space left on device
cp: error writing '/tmp/probe/tests/core/verifier-entitlement-memory.test.ts': No space left on device
cp: error writing '/tmp/probe/tests/core/agent-prompt-sync.test.ts': No space left on device
cp: error writing '/tmp/probe/tests/core/provider-overflow-gate.test.ts': No space left on device
cp: error writing '/tmp/probe/tests/core/config-nervous-schema.test.ts': No space left on device
cp: error writing '/tmp/probe/tests/core/state-paths.test.ts': No space left on device
cp: error writing '/tmp/probe/tests/core/provider-authority-composition.test.ts': No space left on device
cp: error writing '/tmp/probe/tests/core/skill-profile-derivation.test.ts': No space left on device
cp: error writing '/tmp/probe/tests/core/task-settlement-authority.test.ts': No space left on device
cp: error writing '/tmp/probe/tests/core/erp-driver-ifs.test.ts': No space left on device
cp: error writing '/tmp/probe/tests/core/model-catalog.test.ts': No space left on device
cp: error writing '/tmp/probe/tests/core/nervous-config-schema.test.ts': No space left on device
cp: error writing '/tmp/probe/tests/core/notify-bootstrap.test.ts': No space left on device
cp: error writing '/tmp/probe/tests/core/event-stream.test.ts': No space left on device
cp: error writing '/tmp/probe/tests/core/pid-ownership.test.ts': No space left on device
cp: error writing '/tmp/probe/tests/core/ci-pre-sprint.test.ts': No space left on device
cp: error writing '/tmp/probe/tests/core/types-edge.test.ts': No space left on device
cp: error writing '/tmp/probe/tests/core/config-edge.test.ts': No space left on device
cp: error writing '/tmp/probe/tests/core/credentials-per-project.test.ts': No space left on device
cp: error writing '/tmp/probe/tests/core/host-detector.test.ts': No space left on device
cp: error writing '/tmp/probe/tests/core/config-defaults.test.ts': No space left on device
cp: error writing '/tmp/probe/tests/core/skill-manifest-live.test.ts': No space left on device
cp: error writing '/tmp/probe/tests/core/types.test.ts': No space left on device
cp: error writing '/tmp/probe/tests/core/audit-query.test.ts': No space left on device
cp: error writing '/tmp/probe/tests/core/post-settlement-verification.test.ts': No space left on device
cp: error writing '/tmp/probe/tests/core/feature-truth.test.ts': No space left on device
cp: error writing '/tmp/probe/tests/core/credentials-harden.test.ts': No space left on device
cp: error writing '/tmp/probe/tests/core/provider-capabilities.test.ts': No space left on device
cp: error writing '/tmp/probe/tests/core/provider-bootstrap.test.ts': No space left on device
cp: error writing '/tmp/probe/tests/core/config-dep-pipeline-default.test.ts': No space left on device
cp: error writing '/tmp/probe/tests/core/parse-debt-md.test.ts': No space left on device
cp: error writing '/tmp/probe/tests/core/config-types.test.ts': No space left on device
cp: error writing '/tmp/probe/tests/core/summary-debt-filter.test.ts': No space left on device
cp: error writing '/tmp/probe/tests/core/memory-tenant-scope.test.ts': No space left on device
cp: error writing '/tmp/probe/tests/core/memory-relations-migration.test.ts': No space left on device
cp: error writing '/tmp/probe/tests/core/memory-import.test.ts': No space left on device
cp: error writing '/tmp/probe/tests/core/agent-type-extensions.test.ts': No space left on device
cp: error writing '/tmp/probe/tests/core/analyzer-overhaul.test.ts': No space left on device
cp: error writing '/tmp/probe/tests/core/analyzer.test.ts': No space left on device
cp: error writing '/tmp/probe/tests/core/anthropic-http-client.test.ts': No space left on device
cp: error writing '/tmp/probe/tests/core/branch-coverage.test.ts': No space left on device
cp: error writing '/tmp/probe/tests/core/cascade-detector.test.ts': No space left on device
cp: error writing '/tmp/probe/tests/core/ci-after-sprint.test.ts': No space left on device
cp: error writing '/tmp/probe/tests/core/ci-learning.test.ts': No space left on device
cp: error writing '/tmp/probe/tests/core/ci-regression.test.ts': No space left on device
cp: error writing '/tmp/probe/tests/core/condition-evaluator.test.ts': No space left on device
cp: error writing '/tmp/probe/tests/core/config-backup-rotation.test.ts': No space left on device
cp: error writing '/tmp/probe/tests/core/config-cache.test.ts': No space left on device
cp: error writing '/tmp/probe/tests/core/config-metadata.test.ts': No space left on device
cp: error writing '/tmp/probe/tests/core/config-validation.test.ts': No space left on device
cp: error writing '/tmp/probe/tests/core/credentials.test.ts': No space left on device
cp: error writing '/tmp/probe/tests/core/debug-log.test.ts': No space left on device
cp: error writing '/tmp/probe/tests/core/decision-config.test.ts': No space left on device
cp: error writing '/tmp/probe/tests/core/deck-file.test.ts': No space left on device
cp: error writing '/tmp/probe/tests/core/deck-interpolation.test.ts': No space left on device
cp: error writing '/tmp/probe/tests/core/deckent-style-config.test.ts': No space left on device
cp: error writing '/tmp/probe/tests/core/environment.test.ts': No space left on device
cp: error writing '/tmp/probe/tests/core/errors.test.ts': No space left on device
cp: error writing '/tmp/probe/tests/core/features-manifest.test.ts': No space left on device
cp: error writing '/tmp/probe/tests/core/file-lock.test.ts': No space left on device
cp: error writing '/tmp/probe/tests/core/framework-detection.test.ts': No space left on device
cp: error writing '/tmp/probe/tests/core/global-config.test.ts': No space left on device
cp: error writing '/tmp/probe/tests/core/marketplace/dependency-resolver.test.ts': No space left on device
cp: error writing '/tmp/probe/tests/core/marketplace/marketplace-auth.test.ts': No space left on device
cp: error writing '/tmp/probe/tests/core/marketplace/rating-system.test.ts': No space left on device
cp: error writing '/tmp/probe/tests/core/marketplace/registry-client.test.ts': No space left on device
cp: error writing '/tmp/probe/tests/core/marketplace/skill-sandbox.test.ts': No space left on device
cp: error writing '/tmp/probe/tests/core/memory-export.test.ts': No space left on device
cp: error writing '/tmp/probe/tests/core/memory-normalize.test.ts': No space left on device
cp: error writing '/tmp/probe/tests/core/memory-query.test.ts': No space left on device
cp: error writing '/tmp/probe/tests/core/model-equivalence-lazy.test.ts': No space left on device
cp: error writing '/tmp/probe/tests/core/nervous-types-runtime.test.ts': No space left on device
cp: error writing '/tmp/probe/tests/core/non-null-safety.test.ts': No space left on device
cp: error writing '/tmp/probe/tests/core/notification-config.test.ts': No space left on device
cp: error writing '/tmp/probe/tests/core/notification-dispatcher.test.ts': No space left on device
cp: error writing '/tmp/probe/tests/core/notification-providers/discord.test.ts': No space left on device
cp: error writing '/tmp/probe/tests/core/notification-providers/slack.test.ts': No space left on device
cp: error writing '/tmp/probe/tests/core/notification-providers/webhook.test.ts': No space left on device
cp: error writing '/tmp/probe/tests/core/notify-adapters/cli-adapter.test.ts': No space left on device
cp: error writing '/tmp/probe/tests/core/notify-adapters/mcp-adapter.test.ts': No space left on device
cp: error writing '/tmp/probe/tests/core/notify-adapters/webhook-adapter.test.ts': No space left on device
cp: error writing '/tmp/probe/tests/core/observability-instrument-points.test.ts': No space left on device
cp: error writing '/tmp/probe/tests/core/output-collector.test.ts': No space left on device
cp: error writing '/tmp/probe/tests/core/output-formatter.test.ts': No space left on device
cp: error writing '/tmp/probe/tests/core/plugin-install.test.ts': No space left on device
cp: error writing '/tmp/probe/tests/core/plugin-manifest.test.ts': No space left on device
cp: error writing '/tmp/probe/tests/core/plugin-remove.test.ts': No space left on device
cp: error writing '/tmp/probe/tests/core/plugin-security.test.ts': No space left on device
cp: error writing '/tmp/probe/tests/core/plugin-system.test.ts': No space left on device
cp: error writing '/tmp/probe/tests/core/plugin-toggle.test.ts': No space left on device
cp: error writing '/tmp/probe/tests/core/plugin.test.ts': No space left on device
cp: error writing '/tmp/probe/tests/core/pricing-updater.test.ts': No space left on device
cp: error writing '/tmp/probe/tests/core/provider.test.ts': No space left on device
cp: error writing '/tmp/probe/tests/core/redact-sensitive.test.ts': No space left on device
cp: error writing '/tmp/probe/tests/core/routing-types.test.ts': No space left on device
cp: error writing '/tmp/probe/tests/core/session-interface.test.ts': No space left on device
cp: error writing '/tmp/probe/tests/core/signature.test.ts': No space left on device
cp: error writing '/tmp/probe/tests/core/skill-cache.test.ts': No space left on device
cp: error writing '/tmp/probe/tests/core/skill-config.test.ts': No space left on device
cp: error writing '/tmp/probe/tests/core/skill-pool-stats.test.ts': No space left on device
cp: error writing '/tmp/probe/tests/core/skill-pool.test.ts': No space left on device
cp: error writing '/tmp/probe/tests/core/skill-type-extensions.test.ts': No space left on device
cp: error writing '/tmp/probe/tests/core/skill-types.test.ts': No space left on device
cp: error writing '/tmp/probe/tests/core/subscription.test.ts': No space left on device
cp: error writing '/tmp/probe/tests/core/system-profile.test.ts': No space left on device
cp: error writing '/tmp/probe/tests/core/telemetry.test.ts': No space left on device
cp: error writing '/tmp/probe/tests/core/token-counter.test.ts': No space left on device
cp: error writing '/tmp/probe/tests/core/type-cast-safety.test.ts': No space left on device
cp: error writing '/tmp/probe/tests/core/utils-date.test.ts': No space left on device
cp: error writing '/tmp/probe/tests/core/utils-debug-logging.test.ts': No space left on device
cp: error writing '/tmp/probe/tests/core/utils-decay.test.ts': No space left on device
cp: error writing '/tmp/probe/tests/core/utils-io.test.ts': No space left on device
cp: error writing '/tmp/probe/tests/core/utils-shared.test.ts': No space left on device
cp: error writing '/tmp/probe/tests/core/validators.test.ts': No space left on device
cp: error writing '/tmp/probe/tests/core/config-global.test.ts': No space left on device
cp: error writing '/tmp/probe/tests/core/orphan-cleaner-ipc.test.ts': No space left on device
cp: error writing '/tmp/probe/tests/core/recovery-artifact-policy.test.ts': No space left on device
cp: error writing '/tmp/probe/tests/core/approval-rules-load.test.ts': No space left on device
cp: error writing '/tmp/probe/tests/core/trace-config-types.test.ts': No space left on device
cp: error writing '/tmp/probe/tests/core/redact-sensitive-coverage.test.ts': No space left on device
cp: error writing '/tmp/probe/tests/core/redact-prefix.test.ts': No space left on device
cp: error writing '/tmp/probe/tests/core/flow-scheduler.test.ts': No space left on device
cp: error writing '/tmp/probe/tests/core/tool-scope-gate.test.ts': No space left on device
cp: error writing '/tmp/probe/tests/core/criteria-deriver.test.ts': No space left on device
cp: error writing '/tmp/probe/tests/core/live-execution-budget.test.ts': No space left on device
cp: error writing '/tmp/probe/tests/core/log-event.test.ts': No space left on device
cp: error writing '/tmp/probe/tests/core/sprint-finalizer-gate-authority.test.ts': No space left on device
cp: error writing '/tmp/probe/tests/core/run-status-authority.test.ts': No space left on device
cp: error writing '/tmp/probe/tests/core/spawnlock-toctou.test.ts': No space left on device
cp: error writing '/tmp/probe/tests/core/approval-expiry-driver.test.ts': No space left on device
cp: error writing '/tmp/probe/tests/core/routing-engine.regression.test.ts': No space left on device
cp: error writing '/tmp/probe/tests/core/task-terminal-projection.test.ts': No space left on device
cp: error writing '/tmp/probe/tests/core/task-result-write-authority.test.ts': No space left on device
cp: error writing '/tmp/probe/tests/core/xverify-task-settlement.test.ts': No space left on device
cp: error writing '/tmp/probe/tests/core/memory-store.test.ts': No space left on device
cp: error writing '/tmp/probe/tests/core/role-invocation-resolver.test.ts': No space left on device
cp: error writing '/tmp/probe/tests/core/approval-inbox-federation.test.ts': No space left on device
cp: error writing '/tmp/probe/tests/core/cfg-apr-wire.test.ts': No space left on device
cp: error writing '/tmp/probe/tests/core/run-status-readiness.test.ts': No space left on device
cp: error writing '/tmp/probe/tests/core/provider-registry-config.test.ts': No space left on device
cp: error writing '/tmp/probe/tests/core/orphan-cleaner.test.ts': No space left on device
cp: error writing '/tmp/probe/tests/core/taxonomy-readpath.test.ts': No space left on device
cp: error writing '/tmp/probe/tests/core/task-result-notes-normalize.test.ts': No space left on device
cp: error writing '/tmp/probe/tests/core/provider-ollama-bootstrap.test.ts': No space left on device
cp: error writing '/tmp/probe/tests/core/approval-allowscope.test.ts': No space left on device
cp: error writing '/tmp/probe/tests/core/tool-availability.test.ts': No space left on device
cp: error writing '/tmp/probe/tests/core/tool-catalog.test.ts': No space left on device
cp: error writing '/tmp/probe/tests/core/stats-sidecar.test.ts': No space left on device
cp: error writing '/tmp/probe/tests/core/config-worker-comms.test.ts': No space left on device
cp: error writing '/tmp/probe/tests/core/skill-signing-sandbox.test.ts': No space left on device
cp: error writing '/tmp/probe/tests/core/builtin-skills-quality.test.ts': No space left on device
cp: error writing '/tmp/probe/tests/core/model-registry-ollama.test.ts': No space left on device
cp: error writing '/tmp/probe/tests/core/task-166-005-docs-identity.test.ts': No space left on device
cp: error writing '/tmp/probe/tests/core/cost-model-label.test.ts': No space left on device
cp: error writing '/tmp/probe/tests/core/model-registry-apiid.test.ts': No space left on device
cp: error writing '/tmp/probe/tests/core/active-workers-pending.test.ts': No space left on device
cp: error writing '/tmp/probe/tests/core/persona-guidance.test.ts': No space left on device
cp: error writing '/tmp/probe/tests/core/provisioner.test.ts': No space left on device
cp: error writing '/tmp/probe/tests/core/identity-regen-default-skip.test.ts': No space left on device
cp: error writing '/tmp/probe/tests/core/rule-regen-db-query.test.ts': No space left on device
cp: error writing '/tmp/probe/tests/core/memory-stub-backfill.test.ts': No space left on device
cp: error writing '/tmp/probe/tests/core/memory-rebuild-safety.test.ts': No space left on device
cp: error writing '/tmp/probe/tests/core/adr-fs-export.test.ts': No space left on device
cp: error writing '/tmp/probe/tests/core/flow-runtime.test.ts': No space left on device
cp: error writing '/tmp/probe/tests/core/ent3-lineage.test.ts': No space left on device
cp: error writing '/tmp/probe/tests/core/preflight-typecheck-preference.test.ts': No space left on device
cp: error writing '/tmp/probe/tests/core/config-resource-monitor.test.ts': No space left on device
cp: error writing '/tmp/probe/tests/core/file-lock-spawnlock.test.ts': No space left on device
cp: error writing '/tmp/probe/tests/core/execution-termination-ledger-non-reservable.test.ts': No space left on device
cp: error writing '/tmp/probe/tests/core/execution-effect-containment.test.ts': No space left on device
cp: error writing '/tmp/probe/tests/core/notify-self-describing.test.ts': No space left on device
cp: error writing '/tmp/probe/tests/core/active-workers.test.ts': No space left on device
cp: error writing '/tmp/probe/tests/core/agent-manifest-canonical.test.ts': No space left on device
cp: error writing '/tmp/probe/tests/core/scope-gate.test.ts': No space left on device
cp: error writing '/tmp/probe/tests/core/execution-write-scope-policy.test.ts': No space left on device
cp: error writing '/tmp/probe/tests/core/execution-effect-persistence-contract.test.ts': No space left on device
cp: error writing '/tmp/probe/tests/core/worker-image-check.test.ts': No space left on device
cp: error writing '/tmp/probe/tests/core/gpt55-catalog.test.ts': No space left on device
cp: error writing '/tmp/probe/tests/core/worker-activity-heartbeat.test.ts': No space left on device
cp: error writing '/tmp/probe/tests/core/file-lock-runtime.test.ts': No space left on device
cp: error writing '/tmp/probe/tests/core/spawn-safety.test.ts': No space left on device
cp: error writing '/tmp/probe/tests/core/adr-file-sync.test.ts': No space left on device
cp: error writing '/tmp/probe/tests/core/psl6-auth-states.test.ts': No space left on device
cp: error writing '/tmp/probe/tests/core/identity-generator-step-order.test.ts': No space left on device
cp: error writing '/tmp/probe/tests/core/nervous-enabled-integration.test.ts': No space left on device
cp: error writing '/tmp/probe/tests/core/decay-safety.test.ts': No space left on device
cp: error writing '/tmp/probe/tests/core/execution-admission.test.ts': No space left on device
cp: error writing '/tmp/probe/tests/core/pending-approvals.test.ts': No space left on device
cp: error writing '/tmp/probe/tests/core/approval-authority-bootstrap.test.ts': No space left on device
cp: error writing '/tmp/probe/tests/core/acceptance-settlement.test.ts': No space left on device
cp: error writing '/tmp/probe/tests/core/provider-limit-authoring.test.ts': No space left on device
cp: error writing '/tmp/probe/tests/core/cross-verify-prompt.test.ts': No space left on device
cp: error writing '/tmp/probe/tests/core/prompt-cost-canary-archive.test.ts': No space left on device
cp: error writing '/tmp/probe/tests/core/xverify-verifier-tier-authority.test.ts': No space left on device
cp: error writing '/tmp/probe/tests/core/config-migration.test.ts': No space left on device
cp: error writing '/tmp/probe/tests/core/approval-channel-authenticator.test.ts': No space left on device
cp: error writing '/tmp/probe/tests/core/capability-runtime.test.ts': No space left on device
cp: error writing '/tmp/probe/tests/core/readjson-migration.test.ts': No space left on device
cp: error writing '/tmp/probe/tests/core/execution-budget-derivation.test.ts': No space left on device
cp: error writing '/tmp/probe/tests/core/flow-registry.test.ts': No space left on device
cp: error writing '/tmp/probe/tests/core/model-activation-store.test.ts': No space left on device
cp: error writing '/tmp/probe/tests/core/event-stream-terminal-ownership.test.ts': No space left on device
cp: error writing '/tmp/probe/tests/core/debt-tenant-cas.test.ts': No space left on device
cp: error writing '/tmp/probe/tests/core/prompt-canary-bench.test.ts': No space left on device
cp: error writing '/tmp/probe/tests/core/config-write-authority.test.ts': No space left on device
cp: error writing '/tmp/probe/tests/core/prompt-cost-canary-task-authority.test.ts': No space left on device
cp: error writing '/tmp/probe/tests/core/config.test.ts': No space left on device
cp: error writing '/tmp/probe/tests/core/approval-lifecycle-config-resolver.test.ts': No space left on device
cp: error writing '/tmp/probe/tests/core/approval-contract-lifecycle.test.ts': No space left on device
cp: error writing '/tmp/probe/tests/core/approval-lifecycle-config-types.test.ts': No space left on device
cp: error writing '/tmp/probe/tests/core/approval-lifecycle-policy.test.ts': No space left on device
cp: error writing '/tmp/probe/tests/core/approval-channel-risk-tier.test.ts': No space left on device
cp: error writing '/tmp/probe/tests/core/operation-invocation-identity.test.ts': No space left on device
cp: error writing '/tmp/probe/tests/core/config-flag-roundtrip.test.ts': No space left on device
cp: error writing '/tmp/probe/tests/core/agent-types.test.ts': No space left on device
cp: error writing '/tmp/probe/tests/core/agent-pool.test.ts': No space left on device
cp: error writing '/tmp/probe/tests/core/model-catalog-bootstrap.test.ts': No space left on device
cp: error writing '/tmp/probe/tests/core/memory-store.hermetic.test.ts': No space left on device
cp: error writing '/tmp/probe/tests/core/cost-calculator.test.ts': No space left on device
cp: error writing '/tmp/probe/tests/core/config-timeout.test.ts': No space left on device
cp: error writing '/tmp/probe/tests/core/live-w1-staleHb.test.ts': No space left on device
cp: error writing '/tmp/probe/tests/core/plugin-hooks.test.ts': No space left on device
cp: error writing '/tmp/probe/tests/core/provider-bootstrap-openai-compat.test.ts': No space left on device
cp: error writing '/tmp/probe/tests/core/erp-connector.test.ts': No space left on device
cp: error writing '/tmp/probe/tests/core/f1ad-integration.test.ts': No space left on device
cp: error writing '/tmp/probe/tests/core/process-tree-termination.test.ts': No space left on device
cp: error writing '/tmp/probe/tests/core/erp-driver-odoo.test.ts': No space left on device
cp: error writing '/tmp/probe/tests/core/wm2-canonical.test.ts': No space left on device
cp: error writing '/tmp/probe/tests/core/self-dispatch.test.ts': No space left on device
cp: error writing '/tmp/probe/tests/core/flow-registry-rbac.test.ts': No space left on device
cp: error writing '/tmp/probe/tests/core/constants.test.ts': No space left on device
cp: error writing '/tmp/probe/tests/core/cred-scrub-real-leak-site.test.ts': No space left on device
cp: error writing '/tmp/probe/tests/core/stack-detector.test.ts': No space left on device
cp: error writing '/tmp/probe/tests/core/erp-factory.test.ts': No space left on device
cp: error writing '/tmp/probe/tests/core/erp-driver-sap.test.ts': No space left on device
cp: error writing '/tmp/probe/tests/core/capability-handlers-erp.test.ts': No space left on device
cp: error writing '/tmp/probe/tests/core/erp-driver-dynamics.test.ts': No space left on device
cp: error writing '/tmp/probe/tests/core/task-types.test.ts': No space left on device
cp: error writing '/tmp/probe/tests/core/deck-broker-audit-wire.test.ts': No space left on device
cp: error writing '/tmp/probe/tests/core/config-terminal.test.ts': No space left on device
cp: error writing '/tmp/probe/tests/core/hook-dispatch-wire.test.ts': No space left on device
cp: error writing '/tmp/probe/tests/core/policy-engine.test.ts': No space left on device
cp: error writing '/tmp/probe/tests/core/notify-progress-type.test.ts': No space left on device
cp: error writing '/tmp/probe/tests/core/event-stream-progress.test.ts': No space left on device
cp: error writing '/tmp/probe/tests/core/host-role-invocation-admission-runtime.test.ts': No space left on device
cp: error writing '/tmp/probe/tests/core/model-equivalence.test.ts': No space left on device
cp: error writing '/tmp/probe/tests/core/config-regen-guard.test.ts': No space left on device
cp: error writing '/tmp/probe/tests/core/enterprise-config.test.ts': No space left on device
cp: error writing '/tmp/probe/tests/core/pending-approvals-lifecycle.test.ts': No space left on device
cp: error writing '/tmp/probe/tests/core/plugin-sandbox-wire.test.ts': No space left on device
cp: error writing '/tmp/probe/tests/core/spawn-backend.test.ts': No space left on device
cp: error writing '/tmp/probe/tests/core/reachability-probe-budget.test.ts': No space left on device
cp: error writing '/tmp/probe/tests/core/execution-plan-digest.test.ts': No space left on device
cp: error writing '/tmp/probe/tests/core/run-flow-plan-digest-store.test.ts': No space left on device
cp: error writing '/tmp/probe/tests/core/provider-concurrency-admission-wire.test.ts': No space left on device
cp: error writing '/tmp/probe/tests/core/metering-truth.test.ts': No space left on device
cp: error writing '/tmp/probe/tests/core/spawn-lock-orphan-cleanup.test.ts': No space left on device
cp: error writing '/tmp/probe/tests/core/provider-execution-ingress-authority.test.ts': No space left on device
cp: error writing '/tmp/probe/tests/core/spawn-lock-stale-ttl.test.ts': No space left on device
cp: error writing '/tmp/probe/tests/core/config-live-trace.test.ts': No space left on device
cp: error writing '/tmp/probe/tests/core/f10-001-policy.test.ts': No space left on device
cp: error writing '/tmp/probe/tests/core/memory-tenant-isolation.test.ts': No space left on device
cp: error writing '/tmp/probe/tests/core/run-policy-authority.test.ts': No space left on device
cp: error writing '/tmp/probe/tests/core/task-result-settlement.test.ts': No space left on device
cp: error writing '/tmp/probe/tests/core/confirmation-acceptance-lineage.test.ts': No space left on device
cp: error writing '/tmp/probe/tests/core/plugin-authenticity.test.ts': No space left on device
cp: error writing '/tmp/probe/tests/core/task-artifact-classifier.test.ts': No space left on device
cp: error writing '/tmp/probe/tests/core/manifest-schema-lint.test.ts': No space left on device
cp: error writing '/tmp/probe/tests/core/deck-file-secret-lifecycle.test.ts': No space left on device
cp: error writing '/tmp/probe/tests/core/debt-002.test.ts': No space left on device
cp: error writing '/tmp/probe/tests/core/notify-registry.test.ts': No space left on device
cp: error writing '/tmp/probe/tests/core/token-quota.test.ts': No space left on device
cp: error writing '/tmp/probe/tests/core/decay-catastrophic-small-db.test.ts': No space left on device
cp: error writing '/tmp/probe/tests/core/debt-export-guard.test.ts': No space left on device
cp: error writing '/tmp/probe/tests/core/memory-backup-and-abort.test.ts': No space left on device
cp: error writing '/tmp/probe/tests/core/verdict-types.test.ts': No space left on device
cp: error writing '/tmp/probe/tests/core/catalog-merge-id.test.ts': No space left on device
cp: error writing '/tmp/probe/tests/core/export-empty-db-guard.test.ts': No space left on device
cp: error writing '/tmp/probe/tests/core/rbac-hierarchy.test.ts': No space left on device
cp: error writing '/tmp/probe/tests/core/tenant-runtime.test.ts': No space left on device
cp: error writing '/tmp/probe/tests/core/coverage-gate-split.test.ts': No space left on device
cp: error writing '/tmp/probe/tests/core/dep0190-shell-fix.test.ts': No space left on device
cp: error writing '/tmp/probe/tests/core/pid-liveness.test.ts': No space left on device
cp: error writing '/tmp/probe/tests/core/config-interrogate.test.ts': No space left on device
cp: error writing '/tmp/probe/tests/core/event-stream-monotonic.test.ts': No space left on device
cp: error writing '/tmp/probe/tests/core/provider-config-canonicalizer.test.ts': No space left on device
cp: error writing '/tmp/probe/tests/core/computer-use-exec.test.ts': No space left on device
cp: error writing '/tmp/probe/tests/core/config-persona-render.test.ts': No space left on device
cp: error writing '/tmp/probe/tests/core/directive-interrogator.test.ts': No space left on device
cp: error writing '/tmp/probe/tests/core/task-result-schema.test.ts': No space left on device
cp: error writing '/tmp/probe/tests/core/credential-decision-audit.test.ts': No space left on device
cp: error writing '/tmp/probe/tests/core/cross-verify.test.ts': No space left on device
cp: error writing '/tmp/probe/tests/core/tenant-context.test.ts': No space left on device
cp: error writing '/tmp/probe/tests/core/tool-allowlist.test.ts': No space left on device
cp: error writing '/tmp/probe/tests/core/agent-manifest-sync.test.ts': No space left on device
cp: error writing '/tmp/probe/tests/core/event-trigger.test.ts': No space left on device
cp: error writing '/tmp/probe/tests/core/rbac.test.ts': No space left on device
cp: error writing '/tmp/probe/tests/core/scheduler-shadow-retention.test.ts': No space left on device
cp: error writing '/tmp/probe/tests/core/run-inspector-read-model.test.ts': No space left on device
cp: error writing '/tmp/probe/tests/core/audit-query-rbac.test.ts': No space left on device
cp: error writing '/tmp/probe/tests/core/provider-billing-evidence.test.ts': No space left on device
cp: error writing '/tmp/probe/tests/core/execution-budget.test.ts': No space left on device
cp: error writing '/tmp/probe/tests/core/flow-registry-tenant.test.ts': No space left on device
cp: error writing '/tmp/probe/tests/core/approval-store-watch.test.ts': No space left on device
cp: error writing '/tmp/probe/tests/core/rbac-audit.test.ts': No space left on device
cp: error writing '/tmp/probe/tests/core/self-dispatch-runtime.test.ts': No space left on device
cp: error writing '/tmp/probe/tests/core/flow-dispatch.test.ts': No space left on device
cp: error writing '/tmp/probe/tests/core/approval-decision-ingress.test.ts': No space left on device
cp: error writing '/tmp/probe/tests/core/capability-handlers-data.test.ts': No space left on device
cp: error writing '/tmp/probe/tests/core/auth-matrix.test.ts': No space left on device
cp: error writing '/tmp/probe/tests/core/model-tier-guard.test.ts': No space left on device
cp: error writing '/tmp/probe/tests/core/identity-sync.test.ts': No space left on device
cp: error writing '/tmp/probe/tests/core/credential-encryption.test.ts': No space left on device
cp: error writing '/tmp/probe/tests/core/rbac-runtime-enforce.test.ts': No space left on device
cp: error writing '/tmp/probe/tests/core/audit-export.test.ts': No space left on device
cp: error writing '/tmp/probe/tests/core/model-config-canonicalizer.test.ts': No space left on device
cp: error writing '/tmp/probe/tests/core/self-dispatch-queue.test.ts': No space left on device
cp: error writing '/tmp/probe/tests/core/skill-agent-signal.test.ts': No space left on device
cp: error writing '/tmp/probe/tests/core/event-stream-location.test.ts': No space left on device
cp: error writing '/tmp/probe/tests/core/provider-map-extend.test.ts': No space left on device
cp: error writing '/tmp/probe/tests/core/routing/engine-slice1.test.ts': No space left on device
cp: error writing '/tmp/probe/tests/core/routing/skill-applicability-p0.test.ts': No space left on device
cp: error writing '/tmp/probe/tests/core/routing/skill-attribution-p0.test.ts': No space left on device
cp: error writing '/tmp/probe/tests/core/routing/skill-selection-control-plane-p0.test.ts': No space left on device
cp: error writing '/tmp/probe/tests/core/routing/requirement-numerical.test.ts': No space left on device
cp: error writing '/tmp/probe/tests/core/routing/corpus-harness.test.ts': No space left on device
cp: error writing '/tmp/probe/tests/core/routing/agent-pool-capabilities.test.ts': No space left on device
cp: error writing '/tmp/probe/tests/core/routing/config.test.ts': No space left on device
cp: error writing '/tmp/probe/tests/core/routing/slice0-smoke.test.ts': No space left on device
cp: error writing '/tmp/probe/tests/core/routing/tie-judge.test.ts': No space left on device
cp: error writing '/tmp/probe/tests/core/routing/completion-envelope-unwrap.test.ts': No space left on device
cp: error writing '/tmp/probe/tests/core/routing/requirement-positional.test.ts': No space left on device
cp: error writing '/tmp/probe/tests/core/routing/requirement-content-structural.test.ts': No space left on device
cp: error writing '/tmp/probe/tests/core/routing/capability-schema.test.ts': No space left on device
cp: error writing '/tmp/probe/tests/core/routing/skill-profiles-builtin.test.ts': No space left on device
cp: error writing '/tmp/probe/tests/core/routing/vocabulary-domains.test.ts': No space left on device
cp: error writing '/tmp/probe/tests/core/routing/vocabulary-doctor.test.ts': No space left on device
cp: error writing '/tmp/probe/tests/core/routing/vocabulary-bootstrap.test.ts': No space left on device
cp: error writing '/tmp/probe/tests/core/routing/skill-profile-schema.test.ts': No space left on device
cp: error writing '/tmp/probe/tests/core/routing/learning-cells.test.ts': No space left on device
cp: error writing '/tmp/probe/tests/core/routing/foundation-roundtrip.test.ts': No space left on device
cp: error writing '/tmp/probe/tests/core/routing/content-llm-slice2.test.ts': No space left on device
cp: error writing '/tmp/probe/tests/core/routing/vocabulary-loader.test.ts': No space left on device
cp: error writing '/tmp/probe/tests/core/routing/vocabulary-builtin.test.ts': No space left on device
cp: error writing '/tmp/probe/tests/core/routing/ci-guardian-eligibility.test.ts': No space left on device
cp: error writing '/tmp/probe/tests/core/routing/exploration-bonus.test.ts': No space left on device
cp: error writing '/tmp/probe/tests/core/routing/ghost-rejection.test.ts': No space left on device
cp: error writing '/tmp/probe/tests/core/flow-event-dispatch.test.ts': No space left on device
cp: error writing '/tmp/probe/tests/core/run-flow-store-concurrency.test.ts': No space left on device
cp: error writing '/tmp/probe/tests/core/run-flow-store-migration.test.ts': No space left on device
cp: error writing '/tmp/probe/tests/core/decision-types.test.ts': No space left on device
cp: error writing '/tmp/probe/tests/core/manifest-migrator.test.ts': No space left on device
cp: error writing '/tmp/probe/tests/core/notify.test.ts': No space left on device
cp: error writing '/tmp/probe/tests/core/provider-bootstrap-register.test.ts': No space left on device
cp: error writing '/tmp/probe/tests/core/provider-overflow.test.ts': No space left on device
cp: error writing '/tmp/probe/tests/core/run-flow-event-log.test.ts': No space left on device
cp: error writing '/tmp/probe/tests/core/cfg1-legacy-mode.test.ts': No space left on device
cp: error writing '/tmp/probe/tests/core/interaction-policy.test.ts': No space left on device
cp: error writing '/tmp/probe/tests/core/error-registry-lint.test.ts': No space left on device
cp: error writing '/tmp/probe/tests/core/provider-execution-observation-adoption-receipt-store.test.ts': No space left on device
cp: error writing '/tmp/probe/tests/core/chat-provider-fallback.test.ts': No space left on device
cp: error writing '/tmp/probe/tests/core/chat-config-schema.test.ts': No space left on device
cp: error writing '/tmp/probe/tests/core/tool-schema-override.test.ts': No space left on device
cp: error writing '/tmp/probe/tests/core/auth-oidc.test.ts': No space left on device
cp: error writing '/tmp/probe/tests/core/adr-constraints.test.ts': No space left on device
cp: error writing '/tmp/probe/tests/core/capability-handlers.test.ts': No space left on device
cp: error writing '/tmp/probe/tests/core/cost-gate.test.ts': No space left on device
cp: error writing '/tmp/probe/tests/core/term-rpc.test.ts': No space left on device
cp: error writing '/tmp/probe/tests/core/global-store.test.ts': No space left on device
cp: error writing '/tmp/probe/tests/core/memory-store-chat.test.ts': No space left on device
cp: error writing '/tmp/probe/tests/core/reasoning-effort.test.ts': No space left on device
cp: error writing '/tmp/probe/tests/core/adr-046-step-ordering-invariant.test.ts': No space left on device
cp: error writing '/tmp/probe/tests/core/rule-regen-sentinel-idempotent.test.ts': No space left on device
cp: error writing '/tmp/probe/tests/core/limit-ledger-cache-gate.test.ts': No space left on device
cp: error writing '/tmp/probe/tests/core/scheduled-flow.test.ts': No space left on device
cp: error writing '/tmp/probe/tests/core/siem-forwarder.test.ts': No space left on device
cp: error writing '/tmp/probe/tests/core/audit-retention.test.ts': No space left on device
cp: error writing '/tmp/probe/tests/core/capability-audit-bridge.test.ts': No space left on device
cp: error writing '/tmp/probe/tests/core/auth-session.test.ts': No space left on device
cp: error writing '/tmp/probe/tests/core/compliance-report.test.ts': No space left on device
cp: error writing '/tmp/probe/tests/core/provider-detection.test.ts': No space left on device
cp: error writing '/tmp/probe/tests/core/siem-transport-http.test.ts': No space left on device
cp: error writing '/tmp/probe/tests/core/auth-jwks.test.ts': No space left on device
cp: error writing '/tmp/probe/tests/core/siem-transport-syslog.test.ts': No space left on device
cp: error writing '/tmp/probe/tests/core/approval-allowscope-risk-tier.test.ts': No space left on device
cp: error writing '/tmp/probe/tests/core/approval-broker-timeout-receipt.test.ts': No space left on device
cp: error writing '/tmp/probe/tests/core/approval-decision-ingress-versioned-digest.test.ts': No space left on device
cp: error writing '/tmp/probe/tests/core/approval-direct-surface-parity.integration.test.ts': No space left on device
cp: error writing '/tmp/probe/tests/core/approval-expiry-driver-lifecycle.test.ts': No space left on device
cp: error writing '/tmp/probe/tests/core/approval-file-cas-platform.test.ts': No space left on device
cp: error writing '/tmp/probe/tests/core/approval-inbox-federation-parity.test.ts': No space left on device
cp: error writing '/tmp/probe/tests/core/approval-lifecycle-closure.integration.test.ts': No space left on device
cp: error writing '/tmp/probe/tests/core/approval-lifecycle-concurrency-scale.integration.test.ts': No space left on device
cp: error writing '/tmp/probe/tests/core/approval-lifecycle-migration.test.ts': No space left on device
cp: error writing '/tmp/probe/tests/core/approval-lifecycle-platform.integration.test.ts': No space left on device
cp: error writing '/tmp/probe/tests/core/approval-policy-fallback-risk-tier.test.ts': No space left on device
cp: error writing '/tmp/probe/tests/core/approval-relay-sla.test.ts': No space left on device
cp: error writing '/tmp/probe/tests/core/approval-rules-risk-tier.test.ts': No space left on device
cp: error writing '/tmp/probe/tests/core/approval-sla.test.ts': No space left on device
cp: error writing '/tmp/probe/tests/core/approval-store-lifecycle.test.ts': No space left on device
cp: error writing '/tmp/probe/tests/core/approval-v1-mac-restart.integration.test.ts': No space left on device
cp: error writing '/tmp/probe/tests/core/approval-worker-gate-risk-tier.test.ts': No space left on device
cp: error writing '/tmp/probe/tests/core/audit-writer-approval-lifecycle.test.ts': No space left on device
cp: error writing '/tmp/probe/tests/core/confirmation-expiry-park.integration.test.ts': No space left on device
cp: error writing '/tmp/probe/tests/core/confirmation-lifecycle.test.ts': No space left on device
cp: error writing '/tmp/probe/tests/core/pending-approval-lifecycle-index.test.ts': No space left on device
cp: error writing '/tmp/probe/tests/core/approval-probe-subject.test.ts': No space left on device
cp: error writing '/tmp/probe/tests/core/acceptance-confirmation-contract.test.ts': No space left on device
cp: error writing '/tmp/probe/tests/core/acceptance-reconciliation-store.test.ts': No space left on device
cp: error writing '/tmp/probe/tests/core/sprint-status-recovery-reconciliation.test.ts': No space left on device
cp: error writing '/tmp/probe/tests/core/final-only-usage-containment.test.ts': No space left on device
cp: error writing '/tmp/probe/tests/core/sprint-archive.test.ts': No space left on device
cp: error writing '/tmp/probe/tests/core/confirmation-acceptance-index.test.ts': No space left on device
cp: error writing '/tmp/probe/tests/core/config-bot-agent-passthrough.test.ts': No space left on device
cp: error writing '/tmp/probe/tests/core/utils-deckent.test.ts': No space left on device
cp: error writing '/tmp/probe/tests/core/task-execution-fence.test.ts': No space left on device
cp: error writing '/tmp/probe/tests/core/provider-fallback.test.ts': No space left on device
cp: error writing '/tmp/probe/tests/core/task-execution-admission.test.ts': No space left on device
cp: error writing '/tmp/probe/tests/core/f8-003-least-priv.test.ts': No space left on device
cp: error writing '/tmp/probe/tests/core/provider-execution-observation-adoption-adversarial.test.ts': No space left on device
cp: error writing '/tmp/probe/tests/core/as4-p1-realize.test.ts': No space left on device
cp: error writing '/tmp/probe/tests/core/provider-limit-truth.test.ts': No space left on device
cp: error writing '/tmp/probe/tests/core/as4-p2-skills.test.ts': No space left on device
cp: error writing '/tmp/probe/tests/core/cross-verify-adjudication.test.ts': No space left on device
cp: error writing '/tmp/probe/tests/core/f8-003-deepen.test.ts': No space left on device
cp: error writing '/tmp/probe/tests/core/notify-webhook-bootstrap.test.ts': No space left on device
cp: error writing '/tmp/probe/tests/core/provider-limit-store.test.ts': No space left on device
cp: error writing '/tmp/probe/tests/core/ent2-deepen.test.ts': No space left on device
cp: error writing '/tmp/probe/tests/core/provider-limit-admission.test.ts': No space left on device
cp: error writing '/tmp/probe/tests/core/kpi/breach-advisor.test.ts': No space left on device
cp: error writing '/tmp/probe/tests/core/model-types.test.ts': No space left on device
cp: error writing '/tmp/probe/tests/core/acceptance-decision-authority.test.ts': No space left on device
cp: error writing '/tmp/probe/tests/core/skill-registry.test.ts': No space left on device
cp: error writing '/tmp/probe/tests/core/computer-use-platform.test.ts': No space left on device
cp: error writing '/tmp/probe/tests/core/approval-broker.test.ts': No space left on device
cp: error writing '/tmp/probe/tests/core/approval-contract.test.ts': No space left on device
cp: error writing '/tmp/probe/tests/core/approval-store.test.ts': No space left on device
cp: error writing '/tmp/probe/tests/core/cost-calculator-regime.test.ts': No space left on device
cp: error writing '/tmp/probe/tests/core/openrouter-models.test.ts': No space left on device
cp: error writing '/tmp/probe/tests/core/openrouter-model-registration.test.ts': No space left on device
cp: error writing '/tmp/probe/tests/core/activation-engine.test.ts': No space left on device
cp: error writing '/tmp/probe/tests/core/maintenance-archive.test.ts': No space left on device
cp: error writing '/tmp/probe/tests/core/rate-limiter.test.ts': No space left on device
cp: error writing '/tmp/probe/tests/core/recent-work-retention.test.ts': No space left on device
cp: error writing '/tmp/probe/tests/core/system-capacity.test.ts': No space left on device
cp: error writing '/tmp/probe/tests/core/runtime-artifact-classifier.test.ts': No space left on device
cp: error writing '/tmp/probe/tests/core/capability-broker.test.ts': No space left on device
cp: error writing '/tmp/probe/tests/core/provider-failure-classifier.test.ts': No space left on device
cp: error writing '/tmp/probe/tests/core/lazy-loader.test.ts': No space left on device
cp: error writing '/tmp/probe/tests/core/runtime-hygiene-adversarial.test.ts': No space left on device
cp: error writing '/tmp/probe/tests/core/tokenizer-fallback.test.ts': No space left on device
cp: error writing '/tmp/probe/tests/core/token-usage.test.ts': No space left on device
cp: error writing '/tmp/probe/tests/core/runtime-hygiene.test.ts': No space left on device
cp: error writing '/tmp/probe/tests/core/identity-config-faz3.test.ts': No space left on device
cp: error writing '/tmp/probe/tests/core/runtime-job-retention.test.ts': No space left on device
cp: error writing '/tmp/probe/tests/core/runtime-log-retention.test.ts': No space left on device
cp: error writing '/tmp/probe/tests/core/run-flow-retention.test.ts': No space left on device
cp: error writing '/tmp/probe/tests/core/runtime-evaluation-retention.test.ts': No space left on device
cp: error writing '/tmp/probe/tests/core/error-handling-unification.test.ts': No space left on device
cp: error writing '/tmp/probe/tests/core/adr-operative-state.test.ts': No space left on device
cp: error writing '/tmp/probe/tests/core/token-usage-rich.test.ts': No space left on device
cp: error writing '/tmp/probe/tests/core/principal-can.test.ts': No space left on device
cp: error writing '/tmp/probe/tests/core/audit-writer.test.ts': No space left on device
cp: error writing '/tmp/probe/tests/core/nervous-types.test.ts': No space left on device
cp: error writing '/tmp/probe/tests/core/config-bot-capabilities.test.ts': No space left on device
cp: error writing '/tmp/probe/tests/core/deck-broker-resolution.test.ts': No space left on device
cp: error writing '/tmp/probe/tests/core/daemon-hygiene.test.ts': No space left on device
cp: error writing '/tmp/probe/tests/core/cost-calculator-null-output.test.ts': No space left on device
cp: error writing '/tmp/probe/tests/core/f1012-config-registry.test.ts': No space left on device
cp: error writing '/tmp/probe/tests/core/spawn-dep0190.test.ts': No space left on device
cp: error writing '/tmp/probe/tests/core/approval-relay.test.ts': No space left on device
cp: error writing '/tmp/probe/tests/core/cost-gate-spend.test.ts': No space left on device
cp: error writing '/tmp/probe/tests/core/catalog-apiid-merge.test.ts': No space left on device
cp: error writing '/tmp/probe/tests/core/result-cost.test.ts': No space left on device
cp: error writing '/tmp/probe/tests/core/limit-ledger-report.test.ts': No space left on device
cp: error writing '/tmp/probe/tests/core/builtins/agent-catalog-agsk2.test.ts': No space left on device
cp: error writing '/tmp/probe/tests/core/builtins/catalog-materialize.test.ts': No space left on device
cp: error writing '/tmp/probe/tests/core/builtins/skill-catalog-agsk3.test.ts': No space left on device
cp: error writing '/tmp/probe/tests/core/builtins/catalog-sync-parity.test.ts': No space left on device
cp: error writing '/tmp/probe/tests/core/builtins/skill-catalog-agsk4.test.ts': No space left on device
cp: error writing '/tmp/probe/tests/core/builtins/agent-catalog-capabilities.test.ts': No space left on device
cp: error writing '/tmp/probe/tests/core/builtins/agent-catalog-agsk6.test.ts': No space left on device
cp: error writing '/tmp/probe/tests/core/builtins/skill-catalog-agsk5.test.ts': No space left on device
cp: error writing '/tmp/probe/tests/core/tool-dispatch.test.ts': No space left on device
cp: error writing '/tmp/probe/tests/core/tool-registry.test.ts': No space left on device
cp: error writing '/tmp/probe/tests/core/approval-masking.test.ts': No space left on device
cp: error writing '/tmp/probe/tests/core/f1ad-model-detect.test.ts': No space left on device
cp: error writing '/tmp/probe/tests/core/limit-ledger.test.ts': No space left on device
cp: error writing '/tmp/probe/tests/core/tool-search.test.ts': No space left on device
cp: error writing '/tmp/probe/tests/core/tool-core.test.ts': No space left on device
cp: error writing '/tmp/probe/tests/core/tool-shadow-policy.test.ts': No space left on device
cp: error writing '/tmp/probe/tests/core/approval-worker-gate.test.ts': No space left on device
cp: error writing '/tmp/probe/tests/core/deck-broker.test.ts': No space left on device
cp: error writing '/tmp/probe/tests/core/scope-check.test.ts': No space left on device
cp: error writing '/tmp/probe/tests/core/openrouter-bootstrap.test.ts': No space left on device
cp: error writing '/tmp/probe/tests/core/approval-policy.test.ts': No space left on device
cp: error writing '/tmp/probe/tests/core/approval-eventstream.test.ts': No space left on device
cp: error writing '/tmp/probe/tests/core/identity-generator.test.ts': No space left on device
cp: error writing '/tmp/probe/tests/core/approval-fallback.test.ts': No space left on device
cp: error writing '/tmp/probe/tests/core/limit-preflight.test.ts': No space left on device
cp: error writing '/tmp/probe/tests/core/cost-config-loader.test.ts': No space left on device
cp: error writing '/tmp/probe/tests/core/siem-forwarder-warn.test.ts': No space left on device
cp: error writing '/tmp/probe/tests/core/tool-hooks.test.ts': No space left on device
cp: error writing '/tmp/probe/tests/core/trace-labels.test.ts': No space left on device
cp: error writing '/tmp/probe/tests/core/allowscope-compose.test.ts': No space left on device
cp: error writing '/tmp/probe/tests/core/provider-packages.test.ts': No space left on device
cp: error writing '/tmp/probe/tests/core/computer-use-contract.test.ts': No space left on device
cp: error writing '/tmp/probe/tests/core/global-scope-resolver.test.ts': No space left on device
cp: error writing '/tmp/probe/tests/core/global-precedence.test.ts': No space left on device
cp: error writing '/tmp/probe/tests/core/operation-catalog.test.ts': No space left on device
cp: error writing '/tmp/probe/tests/core/principal.test.ts': No space left on device
cp: error writing '/tmp/probe/tests/core/operation-invocation-context.test.ts': No space left on device
cp: error writing '/tmp/probe/tests/core/task-result-field-order.test.ts': No space left on device
cp: error writing '/tmp/probe/tests/core/sprint-archive-seal.test.ts': No space left on device
cp: error writing '/tmp/probe/tests/core/spend-gate-prespawn.test.ts': No space left on device
cp: error writing '/tmp/probe/tests/core/skill-sandbox-honest-fail.test.ts': No space left on device
cp: error writing '/tmp/probe/tests/core/pool-activation-validation.test.ts': No space left on device
cp: error writing '/tmp/probe/tests/core/rule-generator.test.ts': No space left on device
cp: error writing '/tmp/probe/tests/core/error-registry-integrity.test.ts': No space left on device
cp: error writing '/tmp/probe/tests/core/provider-observation-retirement.test.ts': No space left on device
cp: error writing '/tmp/probe/tests/core/training-trace-envelope.test.ts': No space left on device
cp: error writing '/tmp/probe/tests/core/run-status-read-model.test.ts': No space left on device
cp: error writing '/tmp/probe/tests/core/execution-recovery.test.ts': No space left on device
cp: error writing '/tmp/probe/tests/core/recovery-resume-outcome.test.ts': No space left on device
cp: error writing '/tmp/probe/tests/core/provider-evidence-producer.test.ts': No space left on device
cp: error writing '/tmp/probe/tests/core/agent-catalog-schema.test.ts': No space left on device
cp: error writing '/tmp/probe/tests/core/agent-layer-precedence.test.ts': No space left on device
cp: error writing '/tmp/probe/tests/core/agent-prompt-resolution.test.ts': No space left on device
cp: error writing '/tmp/probe/tests/core/capability-authority-resolution.test.ts': No space left on device
cp: error writing '/tmp/probe/tests/core/persona-channel-capability.test.ts': No space left on device
cp: error writing '/tmp/probe/tests/core/persona-integrity-detection.test.ts': No space left on device
cp: error writing '/tmp/probe/tests/core/plugin-security-config-authority.test.ts': No space left on device
cp: error writing '/tmp/probe/tests/core/skill-body-resolution.test.ts': No space left on device
cp: error writing '/tmp/probe/tests/core/skill-catalog-readmodel.test.ts': No space left on device
cp: error writing '/tmp/probe/tests/core/skill-profile-state.test.ts': No space left on device
cp: error writing '/tmp/probe/tests/core/workspace-artifact-contract.test.ts': No space left on device
cp: error writing '/tmp/probe/tests/core/provider-execution-observation-reconciliation-approval.test.ts': No space left on device
cp: error writing '/tmp/probe/tests/core/provider-execution-observation-reconciliation-receipt-store.test.ts': No space left on device
cp: error writing '/tmp/probe/tests/core/cross-verify-evidence-broker.test.ts': No space left on device
cp: error writing '/tmp/probe/tests/core/provider-execution-observation-reconciliation.test.ts': No space left on device
cp: error writing '/tmp/probe/tests/core/execution-landing-proposal.test.ts': No space left on device
cp: error writing '/tmp/probe/tests/core/acceptance-confirmation-race-scale.integration.test.ts': No space left on device
cp: error writing '/tmp/probe/tests/core/model-registry.test.ts': No space left on device
cp: error writing '/tmp/probe/tests/core/model-registry-pricing-invariant.test.ts': No space left on device
cp: error writing '/tmp/probe/tests/core/approval-terminal-authenticator.test.ts': No space left on device
cp: error writing '/tmp/probe/tests/core/provider-evidence-probe-contract.test.ts': No space left on device
cp: error writing '/tmp/probe/tests/core/provider-evidence-producer-freshness.test.ts': No space left on device
cp: error writing '/tmp/probe/tests/core/skill-prompt-parity.test.ts': No space left on device
cp: error writing '/tmp/probe/tests/core/provider-execution-profile.test.ts': No space left on device
cp: error writing '/tmp/probe/tests/core/local-llm-registry.test.ts': No space left on device
cp: error writing '/tmp/probe/tests/core/sprint-work-attribution.test.ts': No space left on device
cp: error writing '/tmp/probe/tests/core/provider-concurrency-capability.test.ts': No space left on device
cp: error writing '/tmp/probe/tests/core/provider-execution-observation.test.ts': No space left on device
cp: error writing '/tmp/probe/tests/core/failure-disposition-policy.test.ts': No space left on device
cp: error writing '/tmp/probe/tests/core/lineage-usage-authority.test.ts': No space left on device
cp: error writing '/tmp/probe/tests/core/sprint-terminal-publication.test.ts': No space left on device
cp: error writing '/tmp/probe/tests/core/worker-heartbeat-authority.test.ts': No space left on device
cp: error writing '/tmp/probe/tests/core/production-wiring-contract.test.ts': No space left on device
cp: error writing '/tmp/probe/tests/core/operation-invocation-async-scope.test.ts': No space left on device
cp: error writing '/tmp/probe/tests/core/logical-progress-projection.test.ts': No space left on device
cp: error writing '/tmp/probe/tests/core/provider-concurrency-runtime-projection.test.ts': No space left on device
cp: error writing '/tmp/probe/tests/core/production-wiring-evidence-schema.test.ts': No space left on device
cp: error writing '/tmp/probe/tests/core/worker-heartbeat-authority-store.test.ts': No space left on device
cp: error writing '/tmp/probe/tests/core/self-audit-adapter.test.ts': No space left on device
cp: error writing '/tmp/probe/tests/core/provider-execution-observation-store.test.ts': No space left on device
cp: error writing '/tmp/probe/tests/core/self-audit-adapter-matrix.test.ts': No space left on device
cp: error writing '/tmp/probe/tests/core/production-wiring-result-settlement.test.ts': No space left on device
cp: error writing '/tmp/probe/tests/core/self-audit-vitest-adapter.test.ts': No space left on device
cp: error writing '/tmp/probe/tests/core/production-wiring-adapters.test.ts': No space left on device
cp: error writing '/tmp/probe/tests/core/provider-command-spec.test.ts': No space left on device
cp: error writing '/tmp/probe/tests/core/verification-isolation-authority.test.ts': No space left on device
cp: error writing '/tmp/probe/tests/core/verification-typescript-adapter.test.ts': No space left on device
cp: error writing '/tmp/probe/tests/core/model-registry-parametric.test.ts': No space left on device
cp: error writing '/tmp/probe/tests/core/model-identity.test.ts': No space left on device
cp: error writing '/tmp/probe/tests/core/provider-auth-probe.test.ts': No space left on device
cp: error writing '/tmp/probe/tests/core/run-status-read-model-artifacts.test.ts': No space left on device
cp: error writing '/tmp/probe/tests/core/provider-discovery.test.ts': No space left on device
cp: error writing '/tmp/probe/tests/core/flow-scheduler-timezone.test.ts': No space left on device
cp: error writing '/tmp/probe/tests/core/operation-invocation-subject.test.ts': No space left on device
cp: error writing '/tmp/probe/tests/core/task-lineage.test.ts': No space left on device
cp: error writing '/tmp/probe/tests/core/operation-invocation-idempotency.test.ts': No space left on device
cp: error writing '/tmp/probe/tests/core/gpt6-astra-catalog.test.ts': No space left on device
cp: error writing '/tmp/probe/tests/core/provider-truth.test.ts': No space left on device
cp: error writing '/tmp/probe/tests/core/provider-truth-store.test.ts': No space left on device
cp: error writing '/tmp/probe/tests/core/project-slug.test.ts': No space left on device
cp: error writing '/tmp/probe/tests/core/cli-command-contract.test.ts': No space left on device
cp: error writing '/tmp/probe/tests/core/utils-debug.test.ts': No space left on device
cp: error writing '/tmp/probe/tests/core/config-notification-outbox-fields.test.ts': No space left on device
cp: error writing '/tmp/probe/tests/core/multi-ide.test.ts': No space left on device
cp: error writing '/tmp/probe/tests/core/utils-sprint-id.test.ts': No space left on device
cp: error writing '/tmp/probe/tests/core/worker-heartbeat-file.test.ts': No space left on device
cp: error writing '/tmp/probe/tests/core/test-discovery-contract.test.ts': No space left on device
cp: error writing '/tmp/probe/tests/core/acceptance-matrix.test.ts': No space left on device
cp: error writing '/tmp/probe/tests/core/approval-short-code.test.ts': No space left on device
cp: error writing '/tmp/probe/tests/core/approval-rules.test.ts': No space left on device
cp: error writing '/tmp/probe/tests/core/approval-rules-engine.test.ts': No space left on device
cp: error writing '/tmp/probe/tests/core/work-model.test.ts': No space left on device
cp: error writing '/tmp/probe/tests/core/config-corrupted-recovery.test.ts': No space left on device
cp: error writing '/tmp/probe/tests/core/provider-execution-observation-migration-approval.test.ts': No space left on device
cp: error writing '/tmp/probe/tests/core/provider-execution-observation-migration.test.ts': No space left on device
cp: error writing '/tmp/probe/tests/core/provider-execution-observation-adoption.test.ts': No space left on device
cp: error writing '/tmp/probe/tests/core/runtime-adoption.test.ts': No space left on device
cp: error writing '/tmp/probe/tests/core/runtime-adoption-receipt-store.test.ts': No space left on device
cp: error writing '/tmp/probe/tests/core/prompt-cost-canary-receipt-store.test.ts': No space left on device
cp: error writing '/tmp/probe/tests/core/provider-credential-key-threading.test.ts': No space left on device
cp: error writing '/tmp/probe/tests/core/config-heal-preimage.test.ts': No space left on device
cp: error writing '/tmp/probe/tests/core/config-heal-race.test.ts': No space left on device
cp: error writing '/tmp/probe/tests/core/operation-invocation-transport.test.ts': No space left on device
cp: error writing '/tmp/probe/tests/core/lineage-causal-authority.test.ts': No space left on device
cp: error writing '/tmp/probe/tests/core/sprint-work-attribution-baseline.test.ts': No space left on device
cp: error writing '/tmp/probe/tests/core/config-cross-verify.test.ts': No space left on device
cp: error writing '/tmp/probe/tests/core/cross-verify-response-limits.test.ts': No space left on device
cp: error writing '/tmp/probe/tests/core/prompt-compile-plan.test.ts': No space left on device
cp: error writing '/tmp/probe/tests/core/prompt-delivery-receipt.test.ts': No space left on device
cp: error writing '/tmp/probe/tests/core/operation-invocation-platform.test.ts': No space left on device
cp: error writing '/tmp/probe/tests/core/operation-invocation-child-process.test.ts': No space left on device
cp: error writing '/tmp/probe/tests/core/operation-invocation-worker-thread.test.ts': No space left on device
cp: error writing '/tmp/probe/tests/core/task-attempt-custody-store.test.ts': No space left on device
cp: error writing '/tmp/probe/tests/core/task-attempt-custody-posix-adapter.test.ts': No space left on device
cp: error writing '/tmp/probe/tests/core/task-attempt-custody-win32-adapter.test.ts': No space left on device
cp: error writing '/tmp/probe/tests/core/acceptance-exact-decision-authority.test.ts': No space left on device
cp: error writing '/tmp/probe/tests/core/invocation-receipt-store.test.ts': No space left on device
cp: error writing '/tmp/probe/tests/core/approval-authority-keyring.test.ts': No space left on device
cp: error writing '/tmp/probe/tests/core/approval-authority-runtime.test.ts': No space left on device
cp: error writing '/tmp/probe/tests/core/approval-live-session.test.ts': No space left on device
cp: error writing '/tmp/probe/tests/core/approval-oidc-authenticator.test.ts': No space left on device
cp: error writing '/tmp/probe/tests/core/attended-execution-approval.test.ts': No space left on device
cp: error writing '/tmp/probe/tests/core/attended-execution-proposal.test.ts': No space left on device
cp: error writing '/tmp/probe/tests/core/cross-verify-execution-contract.test.ts': No space left on device
cp: error writing '/tmp/probe/tests/core/execution-continuation-prompt.test.ts': No space left on device
cp: error writing '/tmp/probe/tests/core/execution-landing-checkpoint.test.ts': No space left on device
cp: error writing '/tmp/probe/tests/core/execution-termination-ledger.test.ts': No space left on device
cp: error writing '/tmp/probe/tests/core/execution-topology.test.ts': No space left on device
cp: error writing '/tmp/probe/tests/core/provider-authority-runtime-service.test.ts': No space left on device
cp: error writing '/tmp/probe/tests/core/provider-evidence-source-registry.test.ts': No space left on device
cp: error writing '/tmp/probe/tests/core/provider-limit-policy.test.ts': No space left on device
cp: error writing '/tmp/probe/tests/core/model-registry-fable51.test.ts': No space left on device
cp: error writing '/tmp/probe/tests/core/execution-custody-subject.test.ts': No space left on device
cp: error writing '/tmp/probe/tests/core/execution-termination-ledger-goal-subject.test.ts': No space left on device
cp: error writing '/tmp/probe/tests/core/config-execution-budget-policy.test.ts': No space left on device
cp: error writing '/tmp/probe/tests/core/execution-budget-policy.test.ts': No space left on device
cp: error writing '/tmp/probe/tests/core/terminal-workline-contract.test.ts': No space left on device
cp: error writing '/tmp/probe/tests/core/memory-read-planner-profile.test.ts': No space left on device
cp: error writing '/tmp/probe/tests/core/memory-read-config.test.ts': No space left on device
cp: error writing '/tmp/probe/tests/core/provider-terminal-usage-evidence.test.ts': No space left on device
cp: error writing '/tmp/probe/tests/core/custody-read-snapshot.test.ts': No space left on device
cp: error writing '/tmp/probe/tests/core/memory-export-labels.test.ts': No space left on device
cp: error writing '/tmp/probe/tests/core/memory-store-readonly.test.ts': No space left on device
cp: error writing '/tmp/probe/tests/core/memory-export-compact.test.ts': No space left on device
cp: error writing '/tmp/probe/tests/core/memory-read-service.test.ts': No space left on device
cp: error writing '/tmp/probe/tests/core/memory-read-labels.test.ts': No space left on device
cp: error writing '/tmp/probe/tests/core/reasoning-control.test.ts': No space left on device
cp: error writing '/tmp/probe/tests/core/sprint-historical-context.test.ts': No space left on device
cp: error writing '/tmp/probe/tests/core/approval-command-classification.test.ts': No space left on device
cp: error writing '/tmp/probe/tests/core/readonly-argv-realshell.test.ts': No space left on device
cp: error writing '/tmp/probe/tests/core/readonly-boundaries.test.ts': No space left on device
cp: error writing '/tmp/probe/tests/core/shell-readonly-classifier.test.ts': No space left on device
cp: error writing '/tmp/probe/tests/core/readonly-canonical-fixtures.test.ts': No space left on device
cp: error writing '/tmp/probe/tests/core/readonly-canonical-path.test.ts': No space left on device
cp: error writing '/tmp/probe/tests/core/readonly-canonical-target-parent.test.ts': No space left on device
cp: error writing '/tmp/probe/tests/core/config-reduced-motion.test.ts': No space left on device
cp: error writing '/tmp/probe/tests/core/config-native-migration.test.ts': No space left on device
cp: error writing '/tmp/probe/tests/core/native-agent-interim-config.test.ts': No space left on device
cp: error writing '/tmp/probe/tests/core/observability-rotation.test.ts': No space left on device
cp: error writing '/tmp/probe/tests/core/planner-invocation-binding.test.ts': No space left on device
cp: error writing '/tmp/probe/tests/core/planner-evidence-refusal.test.ts': No space left on device
cp: error writing '/tmp/probe/tests/core/observability-rotation-tenant.test.ts': No space left on device
cp: error writing '/tmp/probe/tests/core/observability.test.ts': No space left on device
cp: error writing '/tmp/probe/tests/core/process-group-anchor.test.ts': No space left on device
cp: error writing '/tmp/probe/tests/core/invocation-output-artifact.test.ts': No space left on device
cp: error writing '/tmp/probe/tests/core/task-output-projection.test.ts': No space left on device
cp: error writing '/tmp/probe/tests/core/task-output-text-framer.test.ts': No space left on device
cp: error writing '/tmp/probe/tests/core/task-output-view-policy.test.ts': No space left on device
cp: error writing '/tmp/probe/tests/dashboard/enterprise-crud-ui.test.tsx': No space left on device
cp: error writing '/tmp/probe/tests/dashboard/chat-page-readonly.test.tsx': No space left on device
cp: error writing '/tmp/probe/tests/dashboard/i18n-no-literal-labels.test.tsx': No space left on device
cp: error writing '/tmp/probe/tests/dashboard/dock-panel-gate.test.tsx': No space left on device
cp: error writing '/tmp/probe/tests/dashboard/route-sidebar-wire.test.tsx': No space left on device
cp: error writing '/tmp/probe/tests/dashboard/sso-wire.test.tsx': No space left on device
cp: error writing '/tmp/probe/tests/dashboard/i18n-coverage.test.ts': No space left on device
cp: error writing '/tmp/probe/tests/dashboard/use-live-data.test.ts': No space left on device
cp: error writing '/tmp/probe/tests/dashboard/config-integration.test.ts': No space left on device
cp: error writing '/tmp/probe/tests/dashboard/AgentDetail.test.tsx': No space left on device
cp: error writing '/tmp/probe/tests/dashboard/api.test.ts': No space left on device
cp: error writing '/tmp/probe/tests/dashboard/components.test.ts': No space left on device
cp: error writing '/tmp/probe/tests/dashboard/AppShell.test.tsx': No space left on device
cp: error writing '/tmp/probe/tests/dashboard/config-page.test.tsx': No space left on device
cp: error writing '/tmp/probe/tests/dashboard/StatusPage.route.test.tsx': No space left on device
cp: error writing '/tmp/probe/tests/dashboard/pages.test.ts': No space left on device
cp: error writing '/tmp/probe/tests/dashboard/scaffold.test.ts': No space left on device
cp: error writing '/tmp/probe/tests/dashboard/setup.ts': No space left on device
cp: error writing '/tmp/probe/tests/dashboard/types.test.ts': No space left on device
cp: error writing '/tmp/probe/tests/dashboard/utils.test.ts': No space left on device
cp: error writing '/tmp/probe/tests/dashboard/nav-render.test.tsx': No space left on device
cp: error writing '/tmp/probe/tests/dashboard/cards-mounted.test.tsx': No space left on device
cp: error writing '/tmp/probe/tests/dashboard/approval-history.test.tsx': No space left on device
cp: error writing '/tmp/probe/tests/dashboard/layout-chat-first.test.tsx': No space left on device
cp: error writing '/tmp/probe/tests/dashboard/DirectivesEditor.test.tsx': No space left on device
cp: error writing '/tmp/probe/tests/dashboard/workers-comms-panel.test.tsx': No space left on device
cp: error writing '/tmp/probe/tests/dashboard/dashboard-build-smoke.test.ts': No space left on device
cp: error writing '/tmp/probe/tests/dashboard/AutonomousPage.test.tsx': No space left on device
cp: error writing '/tmp/probe/tests/dashboard/NervousPage-data.test.tsx': No space left on device
cp: error writing '/tmp/probe/tests/dashboard/enterprise-my-role.test.tsx': No space left on device
cp: error writing '/tmp/probe/tests/dashboard/terminal-panel-gate.test.tsx': No space left on device
cp: error writing '/tmp/probe/tests/dashboard/DocsHealthPage.test.tsx': No space left on device
cp: error writing '/tmp/probe/tests/dashboard/MemoryExplorerPage.test.tsx': No space left on device
cp: error writing '/tmp/probe/tests/dashboard/lazy-routes.test.tsx': No space left on device
cp: error writing '/tmp/probe/tests/dashboard/terminal/DockPanel.test.tsx': No space left on device
cp: error writing '/tmp/probe/tests/dashboard/terminal/TerminalView.test.tsx': No space left on device
cp: error writing '/tmp/probe/tests/dashboard/terminal/useTerminalSocket.test.tsx': No space left on device
cp: error writing '/tmp/probe/tests/dashboard/terminal/TerminalPanel.test.tsx': No space left on device
cp: error writing '/tmp/probe/tests/dashboard/language-provider-readonly.test.tsx': No space left on device
cp: error writing '/tmp/probe/tests/dashboard/live-data.test.ts': No space left on device
cp: error writing '/tmp/probe/tests/dashboard/worker-grid-live.test.tsx': No space left on device
cp: error writing '/tmp/probe/tests/dashboard/workers-directives-pages.test.tsx': No space left on device
cp: error writing '/tmp/probe/tests/dashboard/SprintControlPanel.test.tsx': No space left on device
cp: error writing '/tmp/probe/tests/dashboard/NervousPage.test.tsx': No space left on device
cp: error writing '/tmp/probe/tests/dashboard/request-dedup.test.ts': No space left on device
cp: error writing '/tmp/probe/tests/dashboard/dashboard-page.test.ts': No space left on device
cp: error writing '/tmp/probe/tests/dashboard/DashboardPage-control.test.tsx': No space left on device
cp: error writing '/tmp/probe/tests/dashboard/dash-perf-494.test.tsx': No space left on device
cp: error writing '/tmp/probe/tests/dashboard/layout.test.ts': No space left on device
cp: error writing '/tmp/probe/tests/dashboard/SprintSummary.test.tsx': No space left on device
cp: error writing '/tmp/probe/tests/dashboard/TaskCard.test.tsx': No space left on device
cp: error writing '/tmp/probe/tests/dashboard/evaluate-health-card.test.tsx': No space left on device
cp: error writing '/tmp/probe/tests/dashboard/terminal-api.test.ts': No space left on device
cp: error writing '/tmp/probe/tests/dashboard/auth-status.test.tsx': No space left on device
cp: error writing '/tmp/probe/tests/dashboard/oidc-flow.test.ts': No space left on device
cp: error writing '/tmp/probe/tests/dashboard/no-emoji-guard.test.tsx': No space left on device
cp: error writing '/tmp/probe/tests/dashboard/use-auth.test.tsx': No space left on device
cp: error writing '/tmp/probe/tests/dashboard/manual-token-input.test.tsx': No space left on device
cp: error writing '/tmp/probe/tests/dashboard/sidebar-bell-badge.test.tsx': No space left on device
cp: error writing '/tmp/probe/tests/dashboard/Layout.test.tsx': No space left on device
cp: error writing '/tmp/probe/tests/dashboard/RoutingDistribution.test.tsx': No space left on device
cp: error writing '/tmp/probe/tests/dashboard/Onboarding.test.tsx': No space left on device
cp: error writing '/tmp/probe/tests/dashboard/Layout-ux.test.tsx': No space left on device
cp: error writing '/tmp/probe/tests/dashboard/EvolutionPage.test.tsx': No space left on device
cp: error writing '/tmp/probe/tests/dashboard/api-client-token.test.ts': No space left on device
cp: error writing '/tmp/probe/tests/dashboard/EnterprisePage.test.tsx': No space left on device
cp: error writing '/tmp/probe/tests/dashboard/terminal-sessions.test.ts': No space left on device
cp: error writing '/tmp/probe/tests/dashboard/EvolutionPage-data.test.tsx': No space left on device
cp: error writing '/tmp/probe/tests/dashboard/theme-consistency.test.ts': No space left on device
cp: error writing '/tmp/probe/tests/dashboard/Layout-godlevel.test.tsx': No space left on device
cp: error writing '/tmp/probe/tests/dashboard/refresh-cooldown.test.tsx': No space left on device
cp: error writing '/tmp/probe/tests/dashboard/status-realtime.test.tsx': No space left on device
cp: error writing '/tmp/probe/tests/dashboard/debt-filter.test.tsx': No space left on device
cp: error writing '/tmp/probe/tests/dashboard/enterprise-auth-alerts.test.tsx': No space left on device
cp: error writing '/tmp/probe/tests/dashboard/enterprise-missions-audit.test.tsx': No space left on device
cp: error writing '/tmp/probe/tests/dashboard/unauthorized-banner.test.tsx': No space left on device
cp: error writing '/tmp/probe/tests/dashboard/log-viewer.test.tsx': No space left on device
cp: error writing '/tmp/probe/tests/dashboard/approvals-panel.test.tsx': No space left on device
cp: error writing '/tmp/probe/tests/dashboard/kpi-dashboard.test.tsx': No space left on device
cp: error writing '/tmp/probe/tests/dashboard/useApi-token.test.ts': No space left on device
cp: error writing '/tmp/probe/tests/dashboard/approval-history-panel.test.tsx': No space left on device
cp: error writing '/tmp/probe/tests/dashboard/limits-card.test.tsx': No space left on device
cp: error writing '/tmp/probe/tests/dashboard/MemoryExplorer.test.tsx': No space left on device
cp: error writing '/tmp/probe/tests/dashboard/memory-read-hook.test.tsx': No space left on device
cp: error writing '/tmp/probe/tests/dashboard/exact-task-output.test.tsx': No space left on device
cp: error writing '/tmp/probe/tests/docker/dockerfile.test.ts': No space left on device
cp: error writing '/tmp/probe/tests/docker/worker-image-providers.test.ts': No space left on device
cp: error writing '/tmp/probe/tests/docker/worker-image-multicli.test.ts': No space left on device
cp: error writing '/tmp/probe/tests/docker/dockerignore-secrets.test.ts': No space left on device
cp: error writing '/tmp/probe/tests/docs/quickstart.test.ts': No space left on device
cp: error writing '/tmp/probe/tests/docs/landing-page-content.test.ts': No space left on device
cp: error writing '/tmp/probe/tests/docs/contributing.test.ts': No space left on device
cp: error writing '/tmp/probe/tests/docs/CHANGELOG.test.ts': No space left on device
cp: error writing '/tmp/probe/tests/docs/security-md-current.test.ts': No space left on device
cp: error writing '/tmp/probe/tests/docs/release-prep.test.ts': No space left on device
cp: error writing '/tmp/probe/tests/docs/readme-number-truth.test.ts': No space left on device
cp: error writing '/tmp/probe/tests/docs/api.test.ts': No space left on device
cp: error writing '/tmp/probe/tests/docs/config-reference.test.ts': No space left on device
cp: error writing '/tmp/probe/tests/docs/guide-getting-started.test.ts': No space left on device
cp: error writing '/tmp/probe/tests/docs/issue-templates.test.ts': No space left on device
cp: error writing '/tmp/probe/tests/docs/jsdoc.test.ts': No space left on device
cp: error writing '/tmp/probe/tests/docs/license.test.ts': No space left on device
cp: error writing '/tmp/probe/tests/docs/pr-template.test.ts': No space left on device
cp: error writing '/tmp/probe/tests/docs/release-checklist.test.ts': No space left on device
cp: error writing '/tmp/probe/tests/docs/release-notes-beta.test.ts': No space left on device
cp: error writing '/tmp/probe/tests/docs/security.test.ts': No space left on device
cp: error writing '/tmp/probe/tests/docs/release-docs.test.ts': No space left on device
cp: error writing '/tmp/probe/tests/docs/layer-shims.test.ts': No space left on device
cp: error writing '/tmp/probe/tests/docs/doc-pillars-links.test.ts': No space left on device
cp: error writing '/tmp/probe/tests/docs/rules-parity.test.ts': No space left on device
cp: error writing '/tmp/probe/tests/docs/validate-publish.test.ts': No space left on device
cp: error writing '/tmp/probe/tests/docs/refdocs-adr-regen.test.ts': No space left on device
cp: error writing '/tmp/probe/tests/docs/karpathy-rule-presence.test.ts': No space left on device
cp: error writing '/tmp/probe/tests/docs/docs-structure.test.ts': No space left on device
cp: error writing '/tmp/probe/tests/docs/cli-reference.test.ts': No space left on device
cp: error writing '/tmp/probe/tests/docs/doc-honesty.test.ts': No space left on device
cp: error writing '/tmp/probe/tests/docs/claude-rules-no-legacy.test.ts': No space left on device
cp: error writing '/tmp/probe/tests/docs/api-md-no-stale-refs.test.ts': No space left on device
cp: error writing '/tmp/probe/tests/docs/ci-hermeticity-rule.test.ts': No space left on device
cp: error writing '/tmp/probe/tests/docs/proof-of-function-rule.test.ts': No space left on device
cp: error writing '/tmp/probe/tests/docs/series-metrics.test.ts': No space left on device
cp: error writing '/tmp/probe/tests/docs/runtime-gitignore.test.ts': No space left on device
cp: error writing '/tmp/probe/tests/docs/reference-drift.test.ts': No space left on device
cp: error writing '/tmp/probe/tests/e2e/npm-pack-smoke.test.ts': No space left on device
cp: error writing '/tmp/probe/tests/e2e/docker-backend.test.ts': No space left on device
cp: error writing '/tmp/probe/tests/e2e/nervous-bridge-delivery.test.ts': No space left on device
cp: error writing '/tmp/probe/tests/e2e/cli-smoke.e2e.test.ts': No space left on device
cp: error writing '/tmp/probe/tests/e2e/init-builtin-seed.test.ts': No space left on device
cp: error writing '/tmp/probe/tests/e2e/notify-sprint-lifecycle.test.ts': No space left on device
cp: error writing '/tmp/probe/tests/e2e/sprint-160-smoke.test.ts': No space left on device
cp: error writing '/tmp/probe/tests/e2e/chain-safety.e2e.test.ts': No space left on device
cp: error writing '/tmp/probe/tests/e2e/cross-platform/linux-subprocess.test.ts': No space left on device
cp: error writing '/tmp/probe/tests/e2e/cross-platform/macos-tmux.test.ts': No space left on device
cp: error writing '/tmp/probe/tests/e2e/cross-platform/wsl2-docker.test.ts': No space left on device
cp: error writing '/tmp/probe/tests/e2e/docker-hb-shutdown.test.ts': No space left on device
cp: error writing '/tmp/probe/tests/e2e/event-stream-runtime.test.ts': No space left on device
cp: error writing '/tmp/probe/tests/e2e/install-matrix/fresh-install.test.ts': No space left on device
cp: error writing '/tmp/probe/tests/e2e/nervous-flow.test.ts': No space left on device
cp: error writing '/tmp/probe/tests/e2e/provider-matrix/claude-codex-mixed.test.ts': No space left on device
cp: error writing '/tmp/probe/tests/e2e/single-provider.test.ts': No space left on device
cp: error writing '/tmp/probe/tests/e2e/sprint-lifecycle.test.ts': No space left on device
cp: error writing '/tmp/probe/tests/e2e/tmux-backend.test.ts': No space left on device
cp: error writing '/tmp/probe/tests/e2e/docker-oom-reproducer.test.ts': No space left on device
cp: error writing '/tmp/probe/tests/e2e/skill-package-sync-proof.test.ts': No space left on device
cp: error writing '/tmp/probe/tests/e2e/subprocess-backend.test.ts': No space left on device
cp: error writing '/tmp/probe/tests/e2e/test-containment-canary.test.ts': No space left on device
cp: error writing '/tmp/probe/tests/e2e/dashboard-sso-smoke.test.ts': No space left on device
cp: error writing '/tmp/probe/tests/e2e/worker-comms-flow.test.ts': No space left on device
cp: error writing '/tmp/probe/tests/e2e/serve-endpoints-smoke.test.ts': No space left on device
cp: error writing '/tmp/probe/tests/e2e/kpi-surface-smoke.test.ts': No space left on device
cp: error writing '/tmp/probe/tests/e2e/install-flow.test.ts': No space left on device
cp: error writing '/tmp/probe/tests/e2e/provider-smoke.test.ts': No space left on device
cp: error writing '/tmp/probe/tests/e2e/first-sprint.test.ts': No space left on device
cp: error writing '/tmp/probe/tests/extensions/vscode-panel-data.test.ts': No space left on device
cp: error writing '/tmp/probe/tests/extensions/vscode-rpc-bridge.test.ts': No space left on device
cp: error writing '/tmp/probe/tests/extensions/vscode-panel-refresh.test.ts': No space left on device
cp: error writing '/tmp/probe/tests/extensions/vscode-panel.test.ts': No space left on device
cp: error writing '/tmp/probe/tests/github/.github-files.test.ts': No space left on device
cp: error writing '/tmp/probe/tests/github/dependabot.test.ts': No space left on device
cp: error writing '/tmp/probe/tests/github/workflows/ci.test.ts': No space left on device
cp: error writing '/tmp/probe/tests/github/workflows/release.test.ts': No space left on device
cp: error writing '/tmp/probe/tests/github/ci-workflow.test.ts': No space left on device
cp: error writing '/tmp/probe/tests/helpers/local-subprocess-backend-fixture.ts': No space left on device
cp: error writing '/tmp/probe/tests/helpers/paths.test.ts': No space left on device
cp: error writing '/tmp/probe/tests/helpers/paths.ts': No space left on device
cp: error writing '/tmp/probe/tests/helpers/platform.test.ts': No space left on device
cp: error writing '/tmp/probe/tests/helpers/platform.ts': No space left on device
cp: error writing '/tmp/probe/tests/helpers/sandbox-home.ts': No space left on device
cp: error writing '/tmp/probe/tests/helpers/sandbox-home.test.ts': No space left on device
cp: error writing '/tmp/probe/tests/helpers/evaluation-honesty-fixture.ts': No space left on device
cp: error writing '/tmp/probe/tests/helpers/sprint-attribution-fixture.ts': No space left on device
cp: error writing '/tmp/probe/tests/helpers/task-result-settlement-stub.ts': No space left on device
cp: error writing '/tmp/probe/tests/helpers/task-result-settlement-v2-fixture.ts': No space left on device
cp: error writing '/tmp/probe/tests/helpers/mission-store.ts': No space left on device
cp: error writing '/tmp/probe/tests/helpers/approval-authority-fixture.ts': No space left on device
cp: error writing '/tmp/probe/tests/helpers/budgeted-docker-execution-fixture.ts': No space left on device
cp: error writing '/tmp/probe/tests/helpers/exact-acceptance-evidence-fixture.ts': No space left on device
cp: error writing '/tmp/probe/tests/helpers/exact-acceptance-verifier-fixture.ts': No space left on device
cp: error writing '/tmp/probe/tests/helpers/exact-recovery-mount-adapter.ts': No space left on device
cp: error writing '/tmp/probe/tests/helpers/accepted-planner-fixture.ts': No space left on device
cp: error writing '/tmp/probe/tests/helpers/production-wiring-plan-fixture.ts': No space left on device
cp: error writing '/tmp/probe/tests/integration/memory-v2-prod-readiness.test.ts': No space left on device
cp: error writing '/tmp/probe/tests/integration/npm-install-sim.test.ts': No space left on device
cp: error writing '/tmp/probe/tests/integration/provider-observation-runtime-adoption.integration.test.ts': No space left on device
cp: error writing '/tmp/probe/tests/integration/lifecycle.test.ts': No space left on device
cp: error writing '/tmp/probe/tests/integration/agent-selection.test.ts': No space left on device
cp: error writing '/tmp/probe/tests/integration/cascade-block-live.test.ts': No space left on device
cp: error writing '/tmp/probe/tests/integration/collaboration-adaptive.test.ts': No space left on device
cp: error writing '/tmp/probe/tests/integration/e2e-init.test.ts': No space left on device
cp: error writing '/tmp/probe/tests/integration/mcp-flow.test.ts': No space left on device
cp: error writing '/tmp/probe/tests/integration/mcp-sprint-isolation.test.ts': No space left on device
cp: error writing '/tmp/probe/tests/integration/memory-nervous.test.ts': No space left on device
cp: error writing '/tmp/probe/tests/integration/memory-v2-stress.test.ts': No space left on device
cp: error writing '/tmp/probe/tests/integration/memory-v2.test.ts': No space left on device
cp: error writing '/tmp/probe/tests/integration/multi-agent-pipeline.test.ts': No space left on device
cp: error writing '/tmp/probe/tests/integration/plan-sprint.test.ts': No space left on device
cp: error writing '/tmp/probe/tests/integration/plugin-lifecycle.test.ts': No space left on device
cp: error writing '/tmp/probe/tests/integration/project-types/monorepo.test.ts': No space left on device
cp: error writing '/tmp/probe/tests/integration/project-types/typescript-react.test.ts': No space left on device
cp: error writing '/tmp/probe/tests/integration/project-types/python-fastapi.test.ts': No space left on device
cp: error writing '/tmp/probe/tests/integration/security-flow.test.ts': No space left on device
cp: error writing '/tmp/probe/tests/integration/skill-selection.test.ts': No space left on device
cp: error writing '/tmp/probe/tests/integration/stack-detection.test.ts': No space left on device
cp: error writing '/tmp/probe/tests/integration/zero-config-flow.test.ts': No space left on device
cp: error writing '/tmp/probe/tests/integration/config-layers.test.ts': No space left on device
cp: error writing '/tmp/probe/tests/integration/e2e-sprint.test.ts': No space left on device
cp: error writing '/tmp/probe/tests/integration/xverify-owner-tier-authority.integration.test.ts': No space left on device
cp: error writing '/tmp/probe/tests/integration/full-sprint-cycle.test.ts': No space left on device
cp: error writing '/tmp/probe/tests/integration/prompt-cost-canary.integration.test.ts': No space left on device
cp: error writing '/tmp/probe/tests/integration/approval-chain.test.ts': No space left on device
cp: error writing '/tmp/probe/tests/integration/provider-flow.test.ts': No space left on device
cp: error writing '/tmp/probe/tests/integration/sprint-044-modules.test.ts': No space left on device
cp: error writing '/tmp/probe/tests/integration/multi-env.test.ts': No space left on device
cp: error writing '/tmp/probe/tests/integration/prompt-quality-regression.test.ts': No space left on device
cp: error writing '/tmp/probe/tests/integration/xverify-claude-model-limit-window.integration.test.ts': No space left on device
cp: error writing '/tmp/probe/tests/integration/provider-execution-observation-reconciliation.integration.test.ts': No space left on device
cp: error writing '/tmp/probe/tests/integration/event-truth-wave-evidence.test.ts': No space left on device
cp: error writing '/tmp/probe/tests/integration/cursor-production-wiring.integration.test.ts': No space left on device
cp: error writing '/tmp/probe/tests/integration/task-attempt-custody-cutover.integration.test.ts': No space left on device
cp: error writing '/tmp/probe/tests/load/hot-paths.bench.ts': No space left on device
cp: error writing '/tmp/probe/tests/load/load-harness.test.ts': No space left on device
cp: error writing '/tmp/probe/tests/mcp/writer-lease.test.ts': No space left on device
cp: error writing '/tmp/probe/tests/mcp/kill-force.test.ts': No space left on device
cp: error writing '/tmp/probe/tests/mcp/start-cost-gate.test.ts': No space left on device
cp: error writing '/tmp/probe/tests/mcp/lint-mcp-instructions.test.ts': No space left on device
cp: error writing '/tmp/probe/tests/mcp/enrich.test.ts': No space left on device
cp: error writing '/tmp/probe/tests/mcp/memory-query.test.ts': No space left on device
cp: error writing '/tmp/probe/tests/mcp/nervous-tools-e2e.test.ts': No space left on device
cp: error writing '/tmp/probe/tests/mcp/resources.test.ts': No space left on device
cp: error writing '/tmp/probe/tests/mcp/tools-debt-061-006.test.ts': No space left on device
cp: error writing '/tmp/probe/tests/mcp/tools-enrichment-batch2.test.ts': No space left on device
cp: error writing '/tmp/probe/tests/mcp/tools-quality-059010.test.ts': No space left on device
cp: error writing '/tmp/probe/tests/mcp/tools/annotations.test.ts': No space left on device
cp: error writing '/tmp/probe/tests/mcp/tools/run.test.ts': No space left on device
cp: error writing '/tmp/probe/tests/mcp/tools/doctor.test.ts': No space left on device
cp: error writing '/tmp/probe/tests/mcp/tools/docs.test.ts': No space left on device
cp: error writing '/tmp/probe/tests/mcp/tools/help.test.ts': No space left on device
cp: error writing '/tmp/probe/tests/mcp/tools/memory-query.test.ts': No space left on device
cp: error writing '/tmp/probe/tests/mcp/tools/misc-tools.test.ts': No space left on device
cp: error writing '/tmp/probe/tests/mcp/tools/status-rich.test.ts': No space left on device
cp: error writing '/tmp/probe/tests/mcp/tools/watch.test.ts': No space left on device
cp: error writing '/tmp/probe/tests/mcp/tools/status.test.ts': No space left on device
cp: error writing '/tmp/probe/tests/mcp/tools/start-detached-fork.integration.test.ts': No space left on device
cp: error writing '/tmp/probe/tests/mcp/tools/history.test.ts': No space left on device
cp: error writing '/tmp/probe/tests/mcp/tools/index.test.ts': No space left on device
cp: error writing '/tmp/probe/tests/mcp/tools/process.test.ts': No space left on device
cp: error writing '/tmp/probe/tests/mcp/tools/start.test.ts': No space left on device
cp: error writing '/tmp/probe/tests/mcp/tools/plan.test.ts': No space left on device
cp: error writing '/tmp/probe/tests/mcp/tools/autonomous.test.ts': No space left on device
cp: error writing '/tmp/probe/tests/mcp/tools/status-agents.test.ts': No space left on device
cp: error writing '/tmp/probe/tests/mcp/tools/status-history.test.ts': No space left on device
cp: error writing '/tmp/probe/tests/mcp/tools/explain.test.ts': No space left on device
cp: error writing '/tmp/probe/tests/mcp/tools/job-runner.test.ts': No space left on device
cp: error writing '/tmp/probe/tests/mcp/tools/init.test.ts': No space left on device
cp: error writing '/tmp/probe/tests/mcp/tools/audit.test.ts': No space left on device
cp: error writing '/tmp/probe/tests/mcp/tools/recover.test.ts': No space left on device
cp: error writing '/tmp/probe/tests/mcp/tools/checkpoint.test.ts': No space left on device
cp: error writing '/tmp/probe/tests/mcp/start-snapshot-branch.test.ts': No space left on device
cp: error writing '/tmp/probe/tests/mcp/start-autoapprove.test.ts': No space left on device
cp: error writing '/tmp/probe/tests/mcp/run-budget-authority.test.ts': No space left on device
cp: error writing '/tmp/probe/tests/mcp/audit-tool-actions.test.ts': No space left on device
cp: error writing '/tmp/probe/tests/mcp/execution-authority.test.ts': No space left on device
cp: error writing '/tmp/probe/tests/mcp/docs-track-action.test.ts': No space left on device
cp: error writing '/tmp/probe/tests/mcp/start-lifecycle.test.ts': No space left on device
cp: error writing '/tmp/probe/tests/mcp/writer-lease-gate.test.ts': No space left on device
cp: error writing '/tmp/probe/tests/mcp/start-estimate.test.ts': No space left on device
cp: error writing '/tmp/probe/tests/mcp/inspect.test.ts': No space left on device
cp: error writing '/tmp/probe/tests/mcp/autonomous-approval.test.ts': No space left on device
cp: error writing '/tmp/probe/tests/mcp/writer-lease-failclosed.test.ts': No space left on device
cp: error writing '/tmp/probe/tests/mcp/server-boot-no-singleton.test.ts': No space left on device
cp: error writing '/tmp/probe/tests/mcp/tool-annotations.test.ts': No space left on device
cp: error writing '/tmp/probe/tests/mcp/usage-tool.test.ts': No space left on device
cp: error writing '/tmp/probe/tests/mcp/autonomous-start-honest.test.ts': No space left on device
cp: error writing '/tmp/probe/tests/mcp/format.test.ts': No space left on device
cp: error writing '/tmp/probe/tests/mcp/server-entrypoint.test.ts': No space left on device
cp: error writing '/tmp/probe/tests/mcp/nervous-edit.test.ts': No space left on device
cp: error writing '/tmp/probe/tests/mcp/cost-tool.test.ts': No space left on device
cp: error writing '/tmp/probe/tests/mcp/approvals-lifecycle-view.test.ts': No space left on device
cp: error writing '/tmp/probe/tests/mcp/autonomous-approval-lifecycle.test.ts': No space left on device
cp: error writing '/tmp/probe/tests/mcp/autonomous-broad-approval-lifecycle.test.ts': No space left on device
cp: error writing '/tmp/probe/tests/mcp/kpi-tool.test.ts': No space left on device
cp: error writing '/tmp/probe/tests/mcp/status-terminal-receipt.test.ts': No space left on device
cp: error writing '/tmp/probe/tests/mcp/tools-enrichment-004.test.ts': No space left on device
cp: error writing '/tmp/probe/tests/mcp/server.test.ts': No space left on device
cp: error writing '/tmp/probe/tests/mcp/models.test.ts': No space left on device
cp: error writing '/tmp/probe/tests/mcp/kpi-trend-tool.test.ts': No space left on device
cp: error writing '/tmp/probe/tests/mcp/run-provider-free.test.ts': No space left on device
cp: error writing '/tmp/probe/tests/mcp/run-tool-parity.test.ts': No space left on device
cp: error writing '/tmp/probe/tests/mcp/status-failed-tasks.test.ts': No space left on device
cp: error writing '/tmp/probe/tests/mcp/autonomous-surface.test.ts': No space left on device
cp: error writing '/tmp/probe/tests/mcp/run-attempt-custody.test.ts': No space left on device
cp: error writing '/tmp/probe/tests/mcp/annotation-parity.test.ts': No space left on device
cp: error writing '/tmp/probe/tests/mcp/recover.test.ts': No space left on device
cp: error writing '/tmp/probe/tests/mcp/branch-coverage.test.ts': No space left on device
cp: error writing '/tmp/probe/tests/mcp/tools-enrichment.test.ts': No space left on device
cp: error writing '/tmp/probe/tests/mcp/tools.test.ts': No space left on device
cp: error writing '/tmp/probe/tests/mcp/usage-lineage-projection.test.ts': No space left on device
cp: error writing '/tmp/probe/tests/mcp/nervous-undo-compensating.test.ts': No space left on device
cp: error writing '/tmp/probe/tests/mcp/mcp-description-catalog.test.ts': No space left on device
cp: error writing '/tmp/probe/tests/mcp/catalog-parity.test.ts': No space left on device
cp: error writing '/tmp/probe/tests/mcp/status-readiness-parity.test.ts': No space left on device
cp: error writing '/tmp/probe/tests/mcp/nervous-tools.test.ts': No space left on device
cp: error writing '/tmp/probe/tests/mcp/doctor-provider-diagnostics-parity.test.ts': No space left on device
cp: error writing '/tmp/probe/tests/mcp/doctor-provider-health-score.test.ts': No space left on device
cp: error writing '/tmp/probe/tests/mcp/start-provider-authority.test.ts': No space left on device
cp: error writing '/tmp/probe/tests/mcp/memory-read-consumers.test.ts': No space left on device
cp: error writing '/tmp/probe/tests/mcp/planner-evidence-start.test.ts': No space left on device
cp: error writing '/tmp/probe/tests/mcp/mcp-field-description-catalog.test.ts': No space left on device
cp: error writing '/tmp/probe/tests/monitor/alert-dedup.test.ts': No space left on device
cp: error writing '/tmp/probe/tests/monitor/auditor.test.ts': No space left on device
cp: error writing '/tmp/probe/tests/monitor/dashboard-manager.test.ts': No space left on device
cp: error writing '/tmp/probe/tests/monitor/auditor-deadlock-e2e.test.ts': No space left on device
cp: error writing '/tmp/probe/tests/monitor/auditor-edge.test.ts': No space left on device
cp: error writing '/tmp/probe/tests/monitor/auditor-hb-reconciliation.test.ts': No space left on device
cp: error writing '/tmp/probe/tests/monitor/sprint-state.test.ts': No space left on device
cp: error writing '/tmp/probe/tests/monitor/auditor-baseline.test.ts': No space left on device
cp: error writing '/tmp/probe/tests/monitor/auditor-spawn-lock-binding.test.ts': No space left on device
cp: error writing '/tmp/probe/tests/monitor/auditor-scope-export.test.ts': No space left on device
cp: error writing '/tmp/probe/tests/monitor/auditor-patterns.test.ts': No space left on device
cp: error writing '/tmp/probe/tests/monitor/auditor-agent.test.ts': No space left on device
cp: error writing '/tmp/probe/tests/monitor/auditor-async-liveness.test.ts': No space left on device
cp: error writing '/tmp/probe/tests/monitor/gate-w1-boundary-alert.test.ts': No space left on device
cp: error writing '/tmp/probe/tests/monitor/adr-noise.test.ts': No space left on device
cp: error writing '/tmp/probe/tests/monitor/alert-emitter.test.ts': No space left on device
cp: error writing '/tmp/probe/tests/monitor/auditor-validation.test.ts': No space left on device
cp: error writing '/tmp/probe/tests/monitor/apdd-pilot-rules.test.ts': No space left on device
cp: error writing '/tmp/probe/tests/monitor/auditor-heartbeat-authority.test.ts': No space left on device
cp: error writing '/tmp/probe/tests/nervous/stale-worker-activity-truth.test.ts': No space left on device
cp: error writing '/tmp/probe/tests/nervous/nerv-w1b.test.ts': No space left on device
cp: error writing '/tmp/probe/tests/nervous/approval-edit-transport.test.ts': No space left on device
cp: error writing '/tmp/probe/tests/nervous/directives-protection-auto-restore.test.ts': No space left on device
cp: error writing '/tmp/probe/tests/nervous/ipc-queue.test.ts': No space left on device
cp: error writing '/tmp/probe/tests/nervous/nervous-apr-wire.test.ts': No space left on device
cp: error writing '/tmp/probe/tests/nervous/dead-event-stream.test.ts': No space left on device
cp: error writing '/tmp/probe/tests/nervous/live-w1b-adaptive.test.ts': No space left on device
cp: error writing '/tmp/probe/tests/nervous/action-registry.test.ts': No space left on device
cp: error writing '/tmp/probe/tests/nervous/detectors/agent-routing-anomaly.test.ts': No space left on device
cp: error writing '/tmp/probe/tests/nervous/detectors/agent-routing-positive.test.ts': No space left on device
cp: error writing '/tmp/probe/tests/nervous/detectors/agent-routing.test.ts': No space left on device
cp: error writing '/tmp/probe/tests/nervous/detectors/build-failure-recurrence.test.ts': No space left on device
cp: error writing '/tmp/probe/tests/nervous/detectors/debt-trend-live.test.ts': No space left on device
cp: error writing '/tmp/probe/tests/nervous/detectors/debt-trend.test.ts': No space left on device
cp: error writing '/tmp/probe/tests/nervous/detectors/directives-protection-stress.test.ts': No space left on device
cp: error writing '/tmp/probe/tests/nervous/detectors/directives-protection.test.ts': No space left on device
cp: error writing '/tmp/probe/tests/nervous/detectors/scope-collision-live.test.ts': No space left on device
cp: error writing '/tmp/probe/tests/nervous/detectors/scope-collision-rate.test.ts': No space left on device
cp: error writing '/tmp/probe/tests/nervous/detectors/scope-collision.test.ts': No space left on device
cp: error writing '/tmp/probe/tests/nervous/detectors/task-mode-idle.test.ts': No space left on device
cp: error writing '/tmp/probe/tests/nervous/detectors/token-spike.test.ts': No space left on device
cp: error writing '/tmp/probe/tests/nervous/detectors/stale-worker.test.ts': No space left on device
cp: error writing '/tmp/probe/tests/nervous/detectors/stale-worker-live.test.ts': No space left on device
cp: error writing '/tmp/probe/tests/nervous/detectors/notification-delivery-health.test.ts': No space left on device
cp: error writing '/tmp/probe/tests/nervous/history.test.ts': No space left on device
cp: error writing '/tmp/probe/tests/nervous/integration/proposer-to-executor.test.ts': No space left on device
cp: error writing '/tmp/probe/tests/nervous/integration/observer-to-detector.test.ts': No space left on device
cp: error writing '/tmp/probe/tests/nervous/integration/regression-sprint-146.test.ts': No space left on device
cp: error writing '/tmp/probe/tests/nervous/integration/dispatcher-end-to-end.test.ts': No space left on device
cp: error writing '/tmp/probe/tests/nervous/integration/detector-to-decision.test.ts': No space left on device
cp: error writing '/tmp/probe/tests/nervous/dispatcher.test.ts': No space left on device
cp: error writing '/tmp/probe/tests/nervous/observer.test.ts': No space left on device
cp: error writing '/tmp/probe/tests/nervous/runtime-scope.test.ts': No space left on device
cp: error writing '/tmp/probe/tests/nervous/gate-w2-lethal.test.ts': No space left on device
cp: error writing '/tmp/probe/tests/nervous/integration-runtime.test.ts': No space left on device
cp: error writing '/tmp/probe/tests/nervous/bootstrap-w3-event-emit.test.ts': No space left on device
cp: error writing '/tmp/probe/tests/nervous/executor.test.ts': No space left on device
cp: error writing '/tmp/probe/tests/nervous/approval-loop-death.test.ts': No space left on device
cp: error writing '/tmp/probe/tests/nervous/executor-approve-timeout.test.ts': No space left on device
cp: error writing '/tmp/probe/tests/nervous/action-handlers.test.ts': No space left on device
cp: error writing '/tmp/probe/tests/nervous/approval-bridge.test.ts': No space left on device
cp: error writing '/tmp/probe/tests/nervous/recommendation-log.test.ts': No space left on device
cp: error writing '/tmp/probe/tests/nervous/detector-reach.test.ts': No space left on device
cp: error writing '/tmp/probe/tests/nervous/maintenance-ops.test.ts': No space left on device
cp: error writing '/tmp/probe/tests/nervous/respawn-request.test.ts': No space left on device
cp: error writing '/tmp/probe/tests/nervous/observer-phase-guard.test.ts': No space left on device
cp: error writing '/tmp/probe/tests/nervous/directives-protection-baseline.test.ts': No space left on device
cp: error writing '/tmp/probe/tests/nervous/panic-gate-failclosed.test.ts': No space left on device
cp: error writing '/tmp/probe/tests/nervous/nerv-w1-predicate.test.ts': No space left on device
cp: error writing '/tmp/probe/tests/nervous/bootstrap.test.ts': No space left on device
cp: error writing '/tmp/probe/tests/nervous/proposer.test.ts': No space left on device
cp: error writing '/tmp/probe/tests/nervous/observer-resource.test.ts': No space left on device
cp: error writing '/tmp/probe/tests/nervous/panic-gate-nonblocking.test.ts': No space left on device
cp: error writing '/tmp/probe/tests/nervous/approval-bridge-risk-tier.test.ts': No space left on device
cp: error writing '/tmp/probe/tests/nervous/ask-brain-escalation.test.ts': No space left on device
cp: error writing '/tmp/probe/tests/nervous/bootstrap-activation.test.ts': No space left on device
cp: error writing '/tmp/probe/tests/nervous/f10-002-risk-gate.test.ts': No space left on device
cp: error writing '/tmp/probe/tests/nervous/decision-engine.test.ts': No space left on device
cp: error writing '/tmp/probe/tests/nervous/executor-pending-store.test.ts': No space left on device
cp: error writing '/tmp/probe/tests/nervous/authority-matrix.test.ts': No space left on device
cp: error writing '/tmp/probe/tests/nervous/recovery-notification.test.ts': No space left on device
cp: error writing '/tmp/probe/tests/nervous/scope-collision-reorder-executor.test.ts': No space left on device
cp: error writing '/tmp/probe/tests/orchestra/write-retrospective.test.ts': No space left on device
cp: error writing '/tmp/probe/tests/orchestra/cross-verify-evidence-preparation.test.ts': No space left on device
cp: error writing '/tmp/probe/tests/orchestra/checkpoint-mrr-restore.test.ts': No space left on device
cp: error writing '/tmp/probe/tests/orchestra/mid-sprint-adapter.test.ts': No space left on device
cp: error writing '/tmp/probe/tests/orchestra/windows-backend.test.ts': No space left on device
cp: error writing '/tmp/probe/tests/orchestra/respawn-mrr-unblock.test.ts': No space left on device
cp: error writing '/tmp/probe/tests/orchestra/sprint-phases-rollback.test.ts': No space left on device
cp: error writing '/tmp/probe/tests/orchestra/autonomous-runtime-loop.test.ts': No space left on device
cp: error writing '/tmp/probe/tests/orchestra/process-runtime.test.ts': No space left on device
cp: error writing '/tmp/probe/tests/orchestra/process-controller-process.test.ts': No space left on device
cp: error writing '/tmp/probe/tests/orchestra/trace-content-parity.test.ts': No space left on device
cp: error writing '/tmp/probe/tests/orchestra/run-diff-service.test.ts': No space left on device
cp: error writing '/tmp/probe/tests/orchestra/wm5-auth-guard.test.ts': No space left on device
cp: error writing '/tmp/probe/tests/orchestra/sprint-file-retention.test.ts': No space left on device
cp: error writing '/tmp/probe/tests/orchestra/semantic-verdict-production-consumer.test.ts': No space left on device
cp: error writing '/tmp/probe/tests/orchestra/routing-journal-wire.test.ts': No space left on device
cp: error writing '/tmp/probe/tests/orchestra/task-builder.test.ts': No space left on device
cp: error writing '/tmp/probe/tests/orchestra/worker-core-backend-capability.test.ts': No space left on device
cp: error writing '/tmp/probe/tests/orchestra/exact-production-wiring-host-settlement.test.ts': No space left on device
cp: error writing '/tmp/probe/tests/orchestra/ipc-registry.test.ts': No space left on device
cp: error writing '/tmp/probe/tests/orchestra/production-wiring-worker-result-contract.test.ts': No space left on device
cp: error writing '/tmp/probe/tests/orchestra/run-flow-death-sweep.test.ts': No space left on device
cp: error writing '/tmp/probe/tests/orchestra/dependency-aggregate-fix-aware.test.ts': No space left on device
cp: error writing '/tmp/probe/tests/orchestra/deck-worker-isolation.test.ts': No space left on device
cp: error writing '/tmp/probe/tests/orchestra/sprint-estimator.test.ts': No space left on device
cp: error writing '/tmp/probe/tests/orchestra/adr-selector-taxonomy.test.ts': No space left on device
cp: error writing '/tmp/probe/tests/orchestra/task-retry.test.ts': No space left on device
cp: error writing '/tmp/probe/tests/orchestra/authority-enforcer-symlink.test.ts': No space left on device
cp: error writing '/tmp/probe/tests/orchestra/evaluate-trigger-gate.test.ts': No space left on device
cp: error writing '/tmp/probe/tests/orchestra/prompt-god-template-adr-relevance.test.ts': No space left on device
cp: error writing '/tmp/probe/tests/orchestra/resume-paused-task.test.ts': No space left on device
cp: error writing '/tmp/probe/tests/orchestra/spawn-spawner-wire.test.ts': No space left on device
cp: error writing '/tmp/probe/tests/orchestra/adaptive-agent-outcome-wire.test.ts': No space left on device
cp: error writing '/tmp/probe/tests/orchestra/catalog-stats-outcome-truth.test.ts': No space left on device
cp: error writing '/tmp/probe/tests/orchestra/cross-verify-outcome.test.ts': No space left on device
cp: error writing '/tmp/probe/tests/orchestra/evolution-pipeline.test.ts': No space left on device
cp: error writing '/tmp/probe/tests/orchestra/outcome-tracker-reclassify.test.ts': No space left on device
cp: error writing '/tmp/probe/tests/orchestra/outcome-tracker.test.ts': No space left on device
cp: error writing '/tmp/probe/tests/orchestra/prompt-gate-scope-wiring.test.ts': No space left on device
cp: error writing '/tmp/probe/tests/orchestra/routing-skill-applicability-wire-p0.test.ts': No space left on device
cp: error writing '/tmp/probe/tests/orchestra/rule-evolver.test.ts': No space left on device
cp: error writing '/tmp/probe/tests/orchestra/skill-attribution-migration-p0.test.ts': No space left on device
cp: error writing '/tmp/probe/tests/orchestra/skill-attribution-projection-p0.test.ts': No space left on device
cp: error writing '/tmp/probe/tests/orchestra/skill-routing-archive-replay-p0.test.ts': No space left on device
cp: error writing '/tmp/probe/tests/orchestra/ghost-finalize.test.ts': No space left on device
cp: error writing '/tmp/probe/tests/orchestra/skill-routing-eligibility.test.ts': No space left on device
cp: error writing '/tmp/probe/tests/orchestra/spurious-nogo-169-cascade.test.ts': No space left on device
cp: error writing '/tmp/probe/tests/orchestra/sprint-finalizer-terminal-wire.test.ts': No space left on device
cp: error writing '/tmp/probe/tests/orchestra/spurious-nogo.test.ts': No space left on device
cp: error writing '/tmp/probe/tests/orchestra/production-wiring-production-composition.test.ts': No space left on device
cp: error writing '/tmp/probe/tests/orchestra/exact-pause-resume-custody.test.ts': No space left on device
cp: error writing '/tmp/probe/tests/orchestra/event-stream.test.ts': No space left on device
cp: error writing '/tmp/probe/tests/orchestra/effect-class.test.ts': No space left on device
cp: error writing '/tmp/probe/tests/orchestra/mode-aware-routing.test.ts': No space left on device
cp: error writing '/tmp/probe/tests/orchestra/prompt-result-shape.test.ts': No space left on device
cp: error writing '/tmp/probe/tests/orchestra/scheduler-effective-dependencies.test.ts': No space left on device
cp: error writing '/tmp/probe/tests/orchestra/sprint-docs-helpers.test.ts': No space left on device
cp: error writing '/tmp/probe/tests/orchestra/canonical-wiring-closure.integration.test.ts': No space left on device
cp: error writing '/tmp/probe/tests/orchestra/baseline-tracker.test.ts': No space left on device
cp: error writing '/tmp/probe/tests/orchestra/ent2-tenant-thread.test.ts': No space left on device
cp: error writing '/tmp/probe/tests/orchestra/sprint-timeout-adaptive.test.ts': No space left on device
cp: error writing '/tmp/probe/tests/orchestra/sprint-checkpoint.test.ts': No space left on device
cp: error writing '/tmp/probe/tests/orchestra/debt-injection-noop-echo.test.ts': No space left on device
cp: error writing '/tmp/probe/tests/orchestra/task-mode-runner.test.ts': No space left on device
cp: error writing '/tmp/probe/tests/orchestra/debt-manager-acceptance-route.test.ts': No space left on device
cp: error writing '/tmp/probe/tests/orchestra/work-model-consumer-2.test.ts': No space left on device
cp: error writing '/tmp/probe/tests/orchestra/cross-verify-dispatch-rejection.test.ts': No space left on device
cp: error writing '/tmp/probe/tests/orchestra/worker-core-system-prompt.test.ts': No space left on device
cp: error writing '/tmp/probe/tests/orchestra/prompt-gate.test.ts': No space left on device
cp: error writing '/tmp/probe/tests/orchestra/work-model-consumer.test.ts': No space left on device
cp: error writing '/tmp/probe/tests/orchestra/cost-gate-advisory.test.ts': No space left on device
cp: error writing '/tmp/probe/tests/orchestra/self-modifying-detector.test.ts': No space left on device
cp: error writing '/tmp/probe/tests/orchestra/directives-delimiter-safety.test.ts': No space left on device
cp: error writing '/tmp/probe/tests/orchestra/prompt-testhints.test.ts': No space left on device
cp: error writing '/tmp/probe/tests/orchestra/turn-economy-2.test.ts': No space left on device
cp: error writing '/tmp/probe/tests/orchestra/brain-context-model-label.test.ts': No space left on device
cp: error writing '/tmp/probe/tests/orchestra/scheduler-driver-composition.test.ts': No space left on device
cp: error writing '/tmp/probe/tests/orchestra/task-analyzer.test.ts': No space left on device
cp: error writing '/tmp/probe/tests/orchestra/learnings-decay-exempt.test.ts': No space left on device
cp: error writing '/tmp/probe/tests/orchestra/result-cost-enrich.test.ts': No space left on device
cp: error writing '/tmp/probe/tests/orchestra/planner.test.ts': No space left on device
cp: error writing '/tmp/probe/tests/orchestra/model-override-drop.test.ts': No space left on device
cp: error writing '/tmp/probe/tests/orchestra/fix-result-brain-eval.test.ts': No space left on device
cp: error writing '/tmp/probe/tests/orchestra/ent1-rbac-enforce.test.ts': No space left on device
cp: error writing '/tmp/probe/tests/orchestra/sprint-retro-writer-forensic.test.ts': No space left on device
cp: error writing '/tmp/probe/tests/orchestra/adr-selector-explicit-ref.test.ts': No space left on device
cp: error writing '/tmp/probe/tests/orchestra/docker-multicli-buildarg.test.ts': No space left on device
cp: error writing '/tmp/probe/tests/orchestra/execution-request-builder.test.ts': No space left on device
cp: error writing '/tmp/probe/tests/orchestra/model-selector-provider.test.ts': No space left on device
cp: error writing '/tmp/probe/tests/orchestra/task-queue.test.ts': No space left on device
cp: error writing '/tmp/probe/tests/orchestra/fix-task-enrichment.test.ts': No space left on device
cp: error writing '/tmp/probe/tests/orchestra/docker-capture-truth.test.ts': No space left on device
cp: error writing '/tmp/probe/tests/orchestra/codex-spawn-readiness.test.ts': No space left on device
cp: error writing '/tmp/probe/tests/orchestra/ai-planner-honest-fallback.test.ts': No space left on device
cp: error writing '/tmp/probe/tests/orchestra/run-proposal-compiler-delimiters.test.ts': No space left on device
cp: error writing '/tmp/probe/tests/orchestra/brain-integration.test.ts': No space left on device
cp: error writing '/tmp/probe/tests/orchestra/task-limit.test.ts': No space left on device
cp: error writing '/tmp/probe/tests/orchestra/agent-exclusion-dynamic.test.ts': No space left on device
cp: error writing '/tmp/probe/tests/orchestra/agent-stats-update.test.ts': No space left on device
cp: error writing '/tmp/probe/tests/orchestra/archive-directives.test.ts': No space left on device
cp: error writing '/tmp/probe/tests/orchestra/auto-archive.test.ts': No space left on device
cp: error writing '/tmp/probe/tests/orchestra/barrel-exports.test.ts': No space left on device
cp: error writing '/tmp/probe/tests/orchestra/brain-budget-decay.test.ts': No space left on device
cp: error writing '/tmp/probe/tests/orchestra/brain-context.test.ts': No space left on device
cp: error writing '/tmp/probe/tests/orchestra/fix-retry-circuit-breaker.test.ts': No space left on device
cp: error writing '/tmp/probe/tests/orchestra/ci-reporter.test.ts': No space left on device
cp: error writing '/tmp/probe/tests/orchestra/conflict-resolver.test.ts': No space left on device
cp: error writing '/tmp/probe/tests/orchestra/connector.test.ts': No space left on device
cp: error writing '/tmp/probe/tests/orchestra/coverage-validator.test.ts': No space left on device
cp: error writing '/tmp/probe/tests/orchestra/debt-resolution.test.ts': No space left on device
cp: error writing '/tmp/probe/tests/orchestra/doc-updaters/changelog-updater.test.ts': No space left on device
cp: error writing '/tmp/probe/tests/orchestra/doc-updaters/changelog.test.ts': No space left on device
cp: error writing '/tmp/probe/tests/orchestra/doc-updaters/doc-updater-consistency.test.ts': No space left on device
cp: error writing '/tmp/probe/tests/orchestra/doc-updaters/metrics-updater.test.ts': No space left on device
cp: error writing '/tmp/probe/tests/orchestra/doc-updaters/sprint-log.test.ts': No space left on device
cp: error writing '/tmp/probe/tests/orchestra/doc-updaters/registry.test.ts': No space left on device
cp: error writing '/tmp/probe/tests/orchestra/doc-updaters/health-check.test.ts': No space left on device
cp: error writing '/tmp/probe/tests/orchestra/doc-updaters/readme-metrics.test.ts': No space left on device
cp: error writing '/tmp/probe/tests/orchestra/ecosystem-intelligence.test.ts': No space left on device
cp: error writing '/tmp/probe/tests/orchestra/brain-coverage.test.ts': No space left on device
cp: error writing '/tmp/probe/tests/orchestra/evaluator-consistency.test.ts': No space left on device
cp: error writing '/tmp/probe/tests/orchestra/evaluator-fix-context.test.ts': No space left on device
cp: error writing '/tmp/probe/tests/orchestra/evaluator-scope-heuristic.test.ts': No space left on device
cp: error writing '/tmp/probe/tests/orchestra/evaluator-verification-task.test.ts': No space left on device
cp: error writing '/tmp/probe/tests/orchestra/event-stream-emit.test.ts': No space left on device
cp: error writing '/tmp/probe/tests/orchestra/event-stream-notify.test.ts': No space left on device
cp: error writing '/tmp/probe/tests/orchestra/event-stream-timeout.test.ts': No space left on device
cp: error writing '/tmp/probe/tests/orchestra/format-consistency.test.ts': No space left on device
cp: error writing '/tmp/probe/tests/orchestra/gitignore-invariant.test.ts': No space left on device
cp: error writing '/tmp/probe/tests/orchestra/handoff-protocol.test.ts': No space left on device
cp: error writing '/tmp/probe/tests/orchestra/heartbeat-daemon.test.ts': No space left on device
cp: error writing '/tmp/probe/tests/orchestra/managed-docs/content-generators.test.ts': No space left on device
cp: error writing '/tmp/probe/tests/orchestra/managed-docs/doc-cache.test.ts': No space left on device
cp: error writing '/tmp/probe/tests/orchestra/managed-docs/docs-config.test.ts': No space left on device
cp: error writing '/tmp/probe/tests/orchestra/managed-docs/docs-path-safety.test.ts': No space left on device
cp: error writing '/tmp/probe/tests/orchestra/managed-docs/universalization.test.ts': No space left on device
cp: error writing '/tmp/probe/tests/orchestra/managed-docs/sprint-aware-cache.test.ts': No space left on device
cp: error writing '/tmp/probe/tests/orchestra/managed-docs/section-updater.test.ts': No space left on device
cp: error writing '/tmp/probe/tests/orchestra/managed-docs/managed-doc-runner.test.ts': No space left on device
cp: error writing '/tmp/probe/tests/orchestra/managed-docs/content-generators-metrics-wire.test.ts': No space left on device
cp: error writing '/tmp/probe/tests/orchestra/memory-decay.test.ts': No space left on device
cp: error writing '/tmp/probe/tests/orchestra/memory-trim.test.ts': No space left on device
cp: error writing '/tmp/probe/tests/orchestra/tmux.test.ts': No space left on device
cp: error writing '/tmp/probe/tests/orchestra/monitor-adapter.test.ts': No space left on device
cp: error writing '/tmp/probe/tests/orchestra/multi-agent.test.ts': No space left on device
cp: error writing '/tmp/probe/tests/orchestra/panic-guard.test.ts': No space left on device
cp: error writing '/tmp/probe/tests/orchestra/parallel-pipeline.test.ts': No space left on device
cp: error writing '/tmp/probe/tests/orchestra/wave-pipeline-activation.test.ts': No space left on device
cp: error writing '/tmp/probe/tests/orchestra/pattern-reader.test.ts': No space left on device
cp: error writing '/tmp/probe/tests/orchestra/pattern-recorder.test.ts': No space left on device
cp: error writing '/tmp/probe/tests/orchestra/timeout-estimator.test.ts': No space left on device
cp: error writing '/tmp/probe/tests/orchestra/planner-edge.test.ts': No space left on device
cp: error writing '/tmp/probe/tests/orchestra/preflight-cleanup.test.ts': No space left on device
cp: error writing '/tmp/probe/tests/orchestra/promotion-guard.test.ts': No space left on device
cp: error writing '/tmp/probe/tests/orchestra/result-watcher.test.ts': No space left on device
cp: error writing '/tmp/probe/tests/orchestra/results-map.test.ts': No space left on device
cp: error writing '/tmp/probe/tests/orchestra/rollback.test.ts': No space left on device
cp: error writing '/tmp/probe/tests/orchestra/rubric-consolidation.test.ts': No space left on device
cp: error writing '/tmp/probe/tests/orchestra/rubric-detail.test.ts': No space left on device
cp: error writing '/tmp/probe/tests/orchestra/self-modifying.test.ts': No space left on device
cp: error writing '/tmp/probe/tests/orchestra/shared-memory.test.ts': No space left on device
cp: error writing '/tmp/probe/tests/orchestra/spawn-backend-move.test.ts': No space left on device
cp: error writing '/tmp/probe/tests/orchestra/sprint-controller-nervous-hook.test.ts': No space left on device
cp: error writing '/tmp/probe/tests/orchestra/brain-crash-injection.test.ts': No space left on device
cp: error writing '/tmp/probe/tests/orchestra/sprint-phases-ci-intersection.test.ts': No space left on device
cp: error writing '/tmp/probe/tests/orchestra/archive-directives-default-preserve.test.ts': No space left on device
cp: error writing '/tmp/probe/tests/orchestra/sprint-reporter-agent.test.ts': No space left on device
cp: error writing '/tmp/probe/tests/orchestra/sprint-reporter-ci.test.ts': No space left on device
cp: error writing '/tmp/probe/tests/orchestra/sprint-reporter-skill.test.ts': No space left on device
cp: error writing '/tmp/probe/tests/orchestra/plan-preview-service.test.ts': No space left on device
cp: error writing '/tmp/probe/tests/orchestra/task-retry-e2e.test.ts': No space left on device
cp: error writing '/tmp/probe/tests/orchestra/temp-skill-generator.test.ts': No space left on device
cp: error writing '/tmp/probe/tests/orchestra/timeout-watcher.test.ts': No space left on device
cp: error writing '/tmp/probe/tests/orchestra/turkish-locale.test.ts': No space left on device
cp: error writing '/tmp/probe/tests/orchestra/evaluation-audit-trail.test.ts': No space left on device
cp: error writing '/tmp/probe/tests/orchestra/git-workflow-service.test.ts': No space left on device
cp: error writing '/tmp/probe/tests/orchestra/layer4-runtime.test.ts': No space left on device
cp: error writing '/tmp/probe/tests/orchestra/debt-ledger-coverage.test.ts': No space left on device
cp: error writing '/tmp/probe/tests/orchestra/cleanup-stale-hb.test.ts': No space left on device
cp: error writing '/tmp/probe/tests/orchestra/evaluate-loop-armor.test.ts': No space left on device
cp: error writing '/tmp/probe/tests/orchestra/docker-backend-fixpack.test.ts': No space left on device
cp: error writing '/tmp/probe/tests/orchestra/v1-strict-report.test.ts': No space left on device
cp: error writing '/tmp/probe/tests/orchestra/prompt-gate-start-path.test.ts': No space left on device
cp: error writing '/tmp/probe/tests/orchestra/coordination-wire.test.ts': No space left on device
cp: error writing '/tmp/probe/tests/orchestra/spawn-timeout.test.ts': No space left on device
cp: error writing '/tmp/probe/tests/orchestra/task-mode-agent-inject.test.ts': No space left on device
cp: error writing '/tmp/probe/tests/orchestra/result-collector-corrupt-result.test.ts': No space left on device
cp: error writing '/tmp/probe/tests/orchestra/dependency-pipeline-integration.test.ts': No space left on device
cp: error writing '/tmp/probe/tests/orchestra/prompt-god-template.test.ts': No space left on device
cp: error writing '/tmp/probe/tests/orchestra/autonomous-approval-adapter.test.ts': No space left on device
cp: error writing '/tmp/probe/tests/orchestra/prompt-lint.test.ts': No space left on device
cp: error writing '/tmp/probe/tests/orchestra/criterion-evaluation.test.ts': No space left on device
cp: error writing '/tmp/probe/tests/orchestra/sprint-retro-writer.test.ts': No space left on device
cp: error writing '/tmp/probe/tests/orchestra/c0c-collision-live-fire.test.ts': No space left on device
cp: error writing '/tmp/probe/tests/orchestra/result-collector.test.ts': No space left on device
cp: error writing '/tmp/probe/tests/orchestra/rubric-registry.test.ts': No space left on device
cp: error writing '/tmp/probe/tests/orchestra/scheduler-effects-cascade.test.ts': No space left on device
cp: error writing '/tmp/probe/tests/orchestra/tmux-prompt-filename.test.ts': No space left on device
cp: error writing '/tmp/probe/tests/orchestra/planner-zeroconfig.test.ts': No space left on device
cp: error writing '/tmp/probe/tests/orchestra/trace-tail-parity.test.ts': No space left on device
cp: error writing '/tmp/probe/tests/orchestra/provider-execution-hold.test.ts': No space left on device
cp: error writing '/tmp/probe/tests/orchestra/dependency-scheduler.test.ts': No space left on device
cp: error writing '/tmp/probe/tests/orchestra/cross-verify-task-settlement.test.ts': No space left on device
cp: error writing '/tmp/probe/tests/orchestra/execution-landing-proposal-consumer.test.ts': No space left on device
cp: error writing '/tmp/probe/tests/orchestra/scheduler-continuous-terminal-wire.test.ts': No space left on device
cp: error writing '/tmp/probe/tests/orchestra/scheduler-continuous-quiescence.test.ts': No space left on device
cp: error writing '/tmp/probe/tests/orchestra/sprint-finalizer-task-projection.test.ts': No space left on device
cp: error writing '/tmp/probe/tests/orchestra/sprint-finalizer-stale-gate.test.ts': No space left on device
cp: error writing '/tmp/probe/tests/orchestra/mid-sprint-cost-abort.test.ts': No space left on device
cp: error writing '/tmp/probe/tests/orchestra/debt-preflight.test.ts': No space left on device
cp: error writing '/tmp/probe/tests/orchestra/autonomous/recovery.test.ts': No space left on device
cp: error writing '/tmp/probe/tests/orchestra/autonomous/webhook-reactive-source.test.ts': No space left on device
cp: error writing '/tmp/probe/tests/orchestra/autonomous/execute-dispatcher.test.ts': No space left on device
cp: error writing '/tmp/probe/tests/orchestra/autonomous/cycle-policy.test.ts': No space left on device
cp: error writing '/tmp/probe/tests/orchestra/autonomous/engine-wiring.test.ts': No space left on device
cp: error writing '/tmp/probe/tests/orchestra/autonomous/execution-pool.test.ts': No space left on device
cp: error writing '/tmp/probe/tests/orchestra/autonomous/backlog.test.ts': No space left on device
cp: error writing '/tmp/probe/tests/orchestra/autonomous/flow-reporter.test.ts': No space left on device
cp: error writing '/tmp/probe/tests/orchestra/autonomous/post-item-lifecycle.test.ts': No space left on device
cp: error writing '/tmp/probe/tests/orchestra/autonomous/repo-watch-reactive-source.test.ts': No space left on device
cp: error writing '/tmp/probe/tests/orchestra/autonomous/reactive/nervous-reactive-source.test.ts': No space left on device
cp: error writing '/tmp/probe/tests/orchestra/autonomous/reactive/reactive-ingester.test.ts': No space left on device
cp: error writing '/tmp/probe/tests/orchestra/autonomous/reactive/reactive-map.test.ts': No space left on device
cp: error writing '/tmp/probe/tests/orchestra/autonomous/backlog-eval.test.ts': No space left on device
cp: error writing '/tmp/probe/tests/orchestra/autonomous/backlog-trigger.test.ts': No space left on device
cp: error writing '/tmp/probe/tests/orchestra/autonomous/approval-redrive.test.ts': No space left on device
cp: error writing '/tmp/probe/tests/orchestra/autonomous/artifact-ref.test.ts': No space left on device
cp: error writing '/tmp/probe/tests/orchestra/autonomous/work-generator-source.test.ts': No space left on device
cp: error writing '/tmp/probe/tests/orchestra/autonomous/scheduled-flow.test.ts': No space left on device
cp: error writing '/tmp/probe/tests/orchestra/autonomous/composition.test.ts': No space left on device
cp: error writing '/tmp/probe/tests/orchestra/autonomous/approval-adapter-resolution.test.ts': No space left on device
cp: error writing '/tmp/probe/tests/orchestra/autonomous/backlog-lastresult-shape.test.ts': No space left on device
cp: error writing '/tmp/probe/tests/orchestra/autonomous/backlog-planned-fields.test.ts': No space left on device
cp: error writing '/tmp/probe/tests/orchestra/autonomous/engine-config-clone.test.ts': No space left on device
cp: error writing '/tmp/probe/tests/orchestra/autonomous/execute-dispatcher-eval.test.ts': No space left on device
cp: error writing '/tmp/probe/tests/orchestra/autonomous/execute-dispatcher-jit.test.ts': No space left on device
cp: error writing '/tmp/probe/tests/orchestra/autonomous/execute-dispatcher-process.test.ts': No space left on device
cp: error writing '/tmp/probe/tests/orchestra/autonomous/goal-planner-map.test.ts': No space left on device
cp: error writing '/tmp/probe/tests/orchestra/autonomous/goal-planner-types.test.ts': No space left on device
cp: error writing '/tmp/probe/tests/orchestra/autonomous/goal-planner.test.ts': No space left on device
cp: error writing '/tmp/probe/tests/orchestra/autonomous/idle-spin.test.ts': No space left on device
cp: error writing '/tmp/probe/tests/orchestra/autonomous/jit-detail.test.ts': No space left on device
cp: error writing '/tmp/probe/tests/orchestra/autonomous/mission-audit-bridge.test.ts': No space left on device
cp: error writing '/tmp/probe/tests/orchestra/autonomous/mission-scheduler-fairness.test.ts': No space left on device
cp: error writing '/tmp/probe/tests/orchestra/autonomous/policy-gate-effectclass.test.ts': No space left on device
cp: error writing '/tmp/probe/tests/orchestra/autonomous/policy-gate.test.ts': No space left on device
cp: error writing '/tmp/probe/tests/orchestra/autonomous/tok-aut.test.ts': No space left on device
cp: error writing '/tmp/probe/tests/orchestra/autonomous/token-usage-enrichment.test.ts': No space left on device
cp: error writing '/tmp/probe/tests/orchestra/autonomous/work-generator.test.ts': No space left on device
cp: error writing '/tmp/probe/tests/orchestra/autonomous/mission-store/mission-worker-invocation-recovery.test.ts': No space left on device
cp: error writing '/tmp/probe/tests/orchestra/autonomous/mission-store/mission-worker-invocation-coordinator.test.ts': No space left on device
cp: error writing '/tmp/probe/tests/orchestra/autonomous/mission-store/mission-migrate.test.ts': No space left on device
cp: error writing '/tmp/probe/tests/orchestra/autonomous/mission-store/missions-crud.test.ts': No space left on device
cp: error writing '/tmp/probe/tests/orchestra/autonomous/mission-store/goal-mission.test.ts': No space left on device
cp: error writing '/tmp/probe/tests/orchestra/autonomous/mission-store/mission-dispatch.test.ts': No space left on device
cp: error writing '/tmp/probe/tests/orchestra/autonomous/mission-store/mission-view.test.ts': No space left on device
cp: error writing '/tmp/probe/tests/orchestra/autonomous/mission-store/mission-engine-wire.test.ts': No space left on device
cp: error writing '/tmp/probe/tests/orchestra/autonomous/mission-store/mission-scheduler.test.ts': No space left on device
cp: error writing '/tmp/probe/tests/orchestra/autonomous/mission-store/sqlite-mission-store-schema.test.ts': No space left on device
cp: error writing '/tmp/probe/tests/orchestra/autonomous/mission-store/work-items-claim.test.ts': No space left on device
cp: error writing '/tmp/probe/tests/orchestra/autonomous/mission-store/mission-events.test.ts': No space left on device
cp: error writing '/tmp/probe/tests/orchestra/autonomous/mission-store/mission-deliver.test.ts': No space left on device
cp: error writing '/tmp/probe/tests/orchestra/autonomous/mission-store/mission-ingest.test.ts': No space left on device
cp: error writing '/tmp/probe/tests/orchestra/autonomous/mission-store/mission-approval-lifecycle.test.ts': No space left on device
cp: error writing '/tmp/probe/tests/orchestra/autonomous/mission-store/mission-acceptance.test.ts': No space left on device
cp: error writing '/tmp/probe/tests/orchestra/autonomous/mission-store/mission-kind-admission.test.ts': No space left on device
cp: error writing '/tmp/probe/tests/orchestra/autonomous/mission-store/mission-acceptance-receipt.test.ts': No space left on device
cp: error writing '/tmp/probe/tests/orchestra/autonomous/mission-store/mission-approval-coordinator.test.ts': No space left on device
cp: error writing '/tmp/probe/tests/orchestra/autonomous/mission-store/goal-invocation-runtime.test.ts': No space left on device
cp: error writing '/tmp/probe/tests/orchestra/autonomous/mission-store/goal-invocation-admission-authority.test.ts': No space left on device
cp: error writing '/tmp/probe/tests/orchestra/autonomous/mission-store/goal-invocation-budget-authority.test.ts': No space left on device
cp: error writing '/tmp/probe/tests/orchestra/autonomous/mission-store/goal-provider-candidate-authority.test.ts': No space left on device
cp: error writing '/tmp/probe/tests/orchestra/autonomous/approval-lifecycle.test.ts': No space left on device
cp: error writing '/tmp/probe/tests/orchestra/autonomous/approval-no-replay.integration.test.ts': No space left on device
cp: error writing '/tmp/probe/tests/orchestra/autonomous/goal-consumer-crash-reopen.test.ts': No space left on device
cp: error writing '/tmp/probe/tests/orchestra/autonomous/goal-invocation-transport.test.ts': No space left on device
cp: error writing '/tmp/probe/tests/orchestra/task-builder-skill.test.ts': No space left on device
cp: error writing '/tmp/probe/tests/orchestra/run-flow-coordinator.test.ts': No space left on device
cp: error writing '/tmp/probe/tests/orchestra/run-proposal-compiler.test.ts': No space left on device
cp: error writing '/tmp/probe/tests/orchestra/cost-guard-enabled-path.test.ts': No space left on device
cp: error writing '/tmp/probe/tests/orchestra/sprint-planner-debt-injection.test.ts': No space left on device
cp: error writing '/tmp/probe/tests/orchestra/f1014-auth-isolation.test.ts': No space left on device
cp: error writing '/tmp/probe/tests/orchestra/rollback-decide.test.ts': No space left on device
cp: error writing '/tmp/probe/tests/orchestra/scope-satisfiability.test.ts': No space left on device
cp: error writing '/tmp/probe/tests/orchestra/dep-normalize.test.ts': No space left on device
cp: error writing '/tmp/probe/tests/orchestra/scope-collision-blocker.test.ts': No space left on device
cp: error writing '/tmp/probe/tests/orchestra/brain-task-assign-fresh-read.test.ts': No space left on device
cp: error writing '/tmp/probe/tests/orchestra/question-approval-bridge.test.ts': No space left on device
cp: error writing '/tmp/probe/tests/orchestra/worker-prompt-quality.test.ts': No space left on device
cp: error writing '/tmp/probe/tests/orchestra/sprint2-debt.test.ts': No space left on device
cp: error writing '/tmp/probe/tests/orchestra/sprint-reporter.test.ts': No space left on device
cp: error writing '/tmp/probe/tests/orchestra/result-collector-respawn.test.ts': No space left on device
cp: error writing '/tmp/probe/tests/orchestra/fix-mode.test.ts': No space left on device
cp: error writing '/tmp/probe/tests/orchestra/worker-timeout-rc.test.ts': No space left on device
cp: error writing '/tmp/probe/tests/orchestra/spawn-backend-docker.test.ts': No space left on device
cp: error writing '/tmp/probe/tests/orchestra/snapshot-start-guards.test.ts': No space left on device
cp: error writing '/tmp/probe/tests/orchestra/docker-budget-termination.test.ts': No space left on device
cp: error writing '/tmp/probe/tests/orchestra/moat-1-source-merge-race.test.ts': No space left on device
cp: error writing '/tmp/probe/tests/orchestra/dep-parser-string-to-array.test.ts': No space left on device
cp: error writing '/tmp/probe/tests/orchestra/export-wipe-guard.test.ts': No space left on device
cp: error writing '/tmp/probe/tests/orchestra/resource-report.test.ts': No space left on device
cp: error writing '/tmp/probe/tests/orchestra/pattern-model-suggestion.test.ts': No space left on device
cp: error writing '/tmp/probe/tests/orchestra/ent3-lineage.test.ts': No space left on device
cp: error writing '/tmp/probe/tests/orchestra/resource-monitor.test.ts': No space left on device
cp: error writing '/tmp/probe/tests/orchestra/docker-follow-activity.test.ts': No space left on device
cp: error writing '/tmp/probe/tests/orchestra/execution-effect-landing-coordinator.test.ts': No space left on device
cp: error writing '/tmp/probe/tests/orchestra/task-router.test.ts': No space left on device
cp: error writing '/tmp/probe/tests/orchestra/container-path-sanitizer.test.ts': No space left on device
cp: error writing '/tmp/probe/tests/orchestra/docker-spawn-race.test.ts': No space left on device
cp: error writing '/tmp/probe/tests/orchestra/doc-tracking-finalize-hook.test.ts': No space left on device
cp: error writing '/tmp/probe/tests/orchestra/dishonest-detector.test.ts': No space left on device
cp: error writing '/tmp/probe/tests/orchestra/git-worker-guard.test.ts': No space left on device
cp: error writing '/tmp/probe/tests/orchestra/exact-docker-effect-containment.test.ts': No space left on device
cp: error writing '/tmp/probe/tests/orchestra/execution-effect-lock-adapter.test.ts': No space left on device
cp: error writing '/tmp/probe/tests/orchestra/execution-effect-native-adapter.test.ts': No space left on device
cp: error writing '/tmp/probe/tests/orchestra/execution-effect-store-adapter.test.ts': No space left on device
cp: error writing '/tmp/probe/tests/orchestra/planner-failure-evidence.test.ts': No space left on device
cp: error writing '/tmp/probe/tests/orchestra/autonomous-trigger-adapter.test.ts': No space left on device
cp: error writing '/tmp/probe/tests/orchestra/autonomous-authority-adapter.test.ts': No space left on device
cp: error writing '/tmp/probe/tests/orchestra/autonomous-audit-adapter.test.ts': No space left on device
cp: error writing '/tmp/probe/tests/orchestra/autonomous-action-adapter.test.ts': No space left on device
cp: error writing '/tmp/probe/tests/orchestra/cross-verify-config-verifier-model.test.ts': No space left on device
cp: error writing '/tmp/probe/tests/orchestra/cross-backend-prompt-uniformity.test.ts': No space left on device
cp: error writing '/tmp/probe/tests/orchestra/prompt-rollback-wire.test.ts': No space left on device
cp: error writing '/tmp/probe/tests/orchestra/brain-rebuild-gate.test.ts': No space left on device
cp: error writing '/tmp/probe/tests/orchestra/agent-genealogy-wire.test.ts': No space left on device
cp: error writing '/tmp/probe/tests/orchestra/prompt-previous-result.test.ts': No space left on device
cp: error writing '/tmp/probe/tests/orchestra/tmpfile-preservation.test.ts': No space left on device
cp: error writing '/tmp/probe/tests/orchestra/docker-exit-marker.test.ts': No space left on device
cp: error writing '/tmp/probe/tests/orchestra/doc-sync-ground-truth.test.ts': No space left on device
cp: error writing '/tmp/probe/tests/orchestra/managed-docs-content-generators.test.ts': No space left on device
cp: error writing '/tmp/probe/tests/orchestra/sprint-startup-prev-sprint-orphan.test.ts': No space left on device
cp: error writing '/tmp/probe/tests/orchestra/timeout-estimator-tier.test.ts': No space left on device
cp: error writing '/tmp/probe/tests/orchestra/spawn-throw-lifecycle.test.ts': No space left on device
cp: error writing '/tmp/probe/tests/orchestra/exact-plan-spawn-authority.test.ts': No space left on device
cp: error writing '/tmp/probe/tests/orchestra/scheduler-spawn-executor.test.ts': No space left on device
cp: error writing '/tmp/probe/tests/orchestra/worker-auth-isolation.test.ts': No space left on device
cp: error writing '/tmp/probe/tests/orchestra/fix-eval-audit-trail.test.ts': No space left on device
cp: error writing '/tmp/probe/tests/orchestra/production-wiring-host-proof-runner.test.ts': No space left on device
cp: error writing '/tmp/probe/tests/orchestra/cross-verify-docker-runtime-authority.test.ts': No space left on device
cp: error writing '/tmp/probe/tests/orchestra/debt-injection-success-echo.test.ts': No space left on device
cp: error writing '/tmp/probe/tests/orchestra/run-policy-delivery.test.ts': No space left on device
cp: error writing '/tmp/probe/tests/orchestra/result-assembler.test.ts': No space left on device
cp: error writing '/tmp/probe/tests/orchestra/cross-verify-owner-tier-authority.test.ts': No space left on device
cp: error writing '/tmp/probe/tests/orchestra/model-selector-max-tier.test.ts': No space left on device
cp: error writing '/tmp/probe/tests/orchestra/cross-verify-invocation-coordinator.test.ts': No space left on device
cp: error writing '/tmp/probe/tests/orchestra/docker-result-settlement.test.ts': No space left on device
cp: error writing '/tmp/probe/tests/orchestra/mid-sprint-adapter-injection.test.ts': No space left on device
cp: error writing '/tmp/probe/tests/orchestra/result-evaluator-typed.test.ts': No space left on device
cp: error writing '/tmp/probe/tests/orchestra/sensitive-redactor.test.ts': No space left on device
cp: error writing '/tmp/probe/tests/orchestra/sprint-finalizer-retro-hook.test.ts': No space left on device
cp: error writing '/tmp/probe/tests/orchestra/quality-assessor.test.ts': No space left on device
cp: error writing '/tmp/probe/tests/orchestra/runtime-extension.test.ts': No space left on device
cp: error writing '/tmp/probe/tests/orchestra/task-builder-routing.test.ts': No space left on device
cp: error writing '/tmp/probe/tests/orchestra/worker-liveness.test.ts': No space left on device
cp: error writing '/tmp/probe/tests/orchestra/temp-agent-generator.test.ts': No space left on device
cp: error writing '/tmp/probe/tests/orchestra/replan-proposal.test.ts': No space left on device
cp: error writing '/tmp/probe/tests/orchestra/log-complete-capture.test.ts': No space left on device
cp: error writing '/tmp/probe/tests/orchestra/exception-handler.test.ts': No space left on device
cp: error writing '/tmp/probe/tests/orchestra/spawn-prevention.test.ts': No space left on device
cp: error writing '/tmp/probe/tests/orchestra/cascade-unblock-wire.test.ts': No space left on device
cp: error writing '/tmp/probe/tests/orchestra/brain.test.ts': No space left on device
cp: error writing '/tmp/probe/tests/orchestra/brain-rollback.test.ts': No space left on device
cp: error writing '/tmp/probe/tests/orchestra/docker-final-only-containment.test.ts': No space left on device
cp: error writing '/tmp/probe/tests/orchestra/state-recovery.test.ts': No space left on device
cp: error writing '/tmp/probe/tests/orchestra/build-violation-guard.test.ts': No space left on device
cp: error writing '/tmp/probe/tests/orchestra/docker-restart-reconcile.test.ts': No space left on device
cp: error writing '/tmp/probe/tests/orchestra/docker-settlement-monitor-wire.test.ts': No space left on device
cp: error writing '/tmp/probe/tests/orchestra/adr-render.test.ts': No space left on device
cp: error writing '/tmp/probe/tests/orchestra/prompt-determinism.test.ts': No space left on device
cp: error writing '/tmp/probe/tests/orchestra/model-selector-skill.test.ts': No space left on device
cp: error writing '/tmp/probe/tests/orchestra/token-counter.test.ts': No space left on device
cp: error writing '/tmp/probe/tests/orchestra/work-present-eval.test.ts': No space left on device
cp: error writing '/tmp/probe/tests/orchestra/prompt-god-template-adr-completeness.test.ts': No space left on device
cp: error writing '/tmp/probe/tests/orchestra/agent-prompt-single-source.test.ts': No space left on device
cp: error writing '/tmp/probe/tests/orchestra/directives-files-to-scope.test.ts': No space left on device
cp: error writing '/tmp/probe/tests/orchestra/directives-title-description-split.test.ts': No space left on device
cp: error writing '/tmp/probe/tests/orchestra/scheduler-shadow-coverage.test.ts': No space left on device
cp: error writing '/tmp/probe/tests/orchestra/scope-sanitizer-multidot.test.ts': No space left on device
cp: error writing '/tmp/probe/tests/orchestra/scope-sanitizer.test.ts': No space left on device
cp: error writing '/tmp/probe/tests/orchestra/scope-sanitizer-v2.test.ts': No space left on device
cp: error writing '/tmp/probe/tests/orchestra/run-proposal-planner.test.ts': No space left on device
cp: error writing '/tmp/probe/tests/orchestra/persona-task-matcher.test.ts': No space left on device
cp: error writing '/tmp/probe/tests/orchestra/fix-failure-classification.test.ts': No space left on device
cp: error writing '/tmp/probe/tests/orchestra/prompt-god-template-idempotency.test.ts': No space left on device
cp: error writing '/tmp/probe/tests/orchestra/scope-deriver.test.ts': No space left on device
cp: error writing '/tmp/probe/tests/orchestra/prompt-god-template-skill-completeness.test.ts': No space left on device
cp: error writing '/tmp/probe/tests/orchestra/result-evaluator-tokenusage.test.ts': No space left on device
cp: error writing '/tmp/probe/tests/orchestra/cleanup-state-truth.test.ts': No space left on device
cp: error writing '/tmp/probe/tests/orchestra/sprint-controller-liveness.test.ts': No space left on device
cp: error writing '/tmp/probe/tests/orchestra/sprint-reporter-liveness.test.ts': No space left on device
cp: error writing '/tmp/probe/tests/orchestra/tool-inventory-hygiene.test.ts': No space left on device
cp: error writing '/tmp/probe/tests/orchestra/self-mod-enforce.test.ts': No space left on device
cp: error writing '/tmp/probe/tests/orchestra/shared-memory-wire.test.ts': No space left on device
cp: error writing '/tmp/probe/tests/orchestra/fix-budget-counting.test.ts': No space left on device
cp: error writing '/tmp/probe/tests/orchestra/persona-task-matcher-live.test.ts': No space left on device
cp: error writing '/tmp/probe/tests/orchestra/sprint-terminal-evidence.test.ts': No space left on device
cp: error writing '/tmp/probe/tests/orchestra/disk-verify.test.ts': No space left on device
cp: error writing '/tmp/probe/tests/orchestra/provider-parity-fleet.test.ts': No space left on device
cp: error writing '/tmp/probe/tests/orchestra/memory-limit-by-kind.test.ts': No space left on device
cp: error writing '/tmp/probe/tests/orchestra/dispatch-evaluate-race.test.ts': No space left on device
cp: error writing '/tmp/probe/tests/orchestra/sprint-controller-graceKill-gate.test.ts': No space left on device
cp: error writing '/tmp/probe/tests/orchestra/sprint-phases-synthetic-gate.test.ts': No space left on device
cp: error writing '/tmp/probe/tests/orchestra/managed-docs-auditor-template.test.ts': No space left on device
cp: error writing '/tmp/probe/tests/orchestra/sprint-finalizer-row-upsert.test.ts': No space left on device
cp: error writing '/tmp/probe/tests/orchestra/brain-planning-precedence.test.ts': No space left on device
cp: error writing '/tmp/probe/tests/orchestra/prompt-run-policy-authority.test.ts': No space left on device
cp: error writing '/tmp/probe/tests/orchestra/prompt-blocks-e2e.test.ts': No space left on device
cp: error writing '/tmp/probe/tests/orchestra/promote-w1b.test.ts': No space left on device
cp: error writing '/tmp/probe/tests/orchestra/tmux-deprecation.test.ts': No space left on device
cp: error writing '/tmp/probe/tests/orchestra/lifecycle-approval-adr-failclosed.test.ts': No space left on device
cp: error writing '/tmp/probe/tests/orchestra/adr-preset.test.ts': No space left on device
cp: error writing '/tmp/probe/tests/orchestra/execution-effect-docker-lifecycle.test.ts': No space left on device
cp: error writing '/tmp/probe/tests/orchestra/metering-live-wire.test.ts': No space left on device
cp: error writing '/tmp/probe/tests/orchestra/directives-restore-quirk.test.ts': No space left on device
cp: error writing '/tmp/probe/tests/orchestra/scheduler-executed-engine.test.ts': No space left on device
cp: error writing '/tmp/probe/tests/orchestra/sprint-spawner-throttle.test.ts': No space left on device
cp: error writing '/tmp/probe/tests/orchestra/as2-p2-mixed-fleet.test.ts': No space left on device
cp: error writing '/tmp/probe/tests/orchestra/acceptance-enforcement-canary.test.ts': No space left on device
cp: error writing '/tmp/probe/tests/orchestra/plan-surface-truth.test.ts': No space left on device
cp: error writing '/tmp/probe/tests/orchestra/exact-plan-start-service.test.ts': No space left on device
cp: error writing '/tmp/probe/tests/orchestra/run-flow-plan-service.test.ts': No space left on device
cp: error writing '/tmp/probe/tests/orchestra/directives-builder.test.ts': No space left on device
cp: error writing '/tmp/probe/tests/orchestra/mission-verdict-honesty.test.ts': No space left on device
cp: error writing '/tmp/probe/tests/orchestra/prompt-verify-exact-paths.test.ts': No space left on device
cp: error writing '/tmp/probe/tests/orchestra/process-controller.test.ts': No space left on device
cp: error writing '/tmp/probe/tests/orchestra/result-ingest-idnorm.test.ts': No space left on device
cp: error writing '/tmp/probe/tests/orchestra/fix-phase-trace.test.ts': No space left on device
cp: error writing '/tmp/probe/tests/orchestra/host-lifecycle-heartbeat.test.ts': No space left on device
cp: error writing '/tmp/probe/tests/orchestra/tmux-timeout-parity.test.ts': No space left on device
cp: error writing '/tmp/probe/tests/orchestra/worker-prompt-bounded-discovery.test.ts': No space left on device
cp: error writing '/tmp/probe/tests/orchestra/prompt-god-template-persona.test.ts': No space left on device
cp: error writing '/tmp/probe/tests/orchestra/run-flow-reducer-purity.test.ts': No space left on device
cp: error writing '/tmp/probe/tests/orchestra/scheduler-shadow-equivalence.test.ts': No space left on device
cp: error writing '/tmp/probe/tests/orchestra/dependencies-title-prefix-resolver.test.ts': No space left on device
cp: error writing '/tmp/probe/tests/orchestra/planner-notify.test.ts': No space left on device
cp: error writing '/tmp/probe/tests/orchestra/sprint-state-snapshot.test.ts': No space left on device
cp: error writing '/tmp/probe/tests/orchestra/trace-v2-schema.test.ts': No space left on device
cp: error writing '/tmp/probe/tests/orchestra/provider-default-resolution.test.ts': No space left on device
cp: error writing '/tmp/probe/tests/orchestra/dependency-blocked-debounce.test.ts': No space left on device
cp: error writing '/tmp/probe/tests/orchestra/synthetic-nogo-diskverify.test.ts': No space left on device
cp: error writing '/tmp/probe/tests/orchestra/parser-bare-token-validation.test.ts': No space left on device
cp: error writing '/tmp/probe/tests/orchestra/docker-provider-binary.test.ts': No space left on device
cp: error writing '/tmp/probe/tests/orchestra/archive-directives-phase.test.ts': No space left on device
cp: error writing '/tmp/probe/tests/orchestra/git-self-mutation-guard.test.ts': No space left on device
cp: error writing '/tmp/probe/tests/orchestra/run-policy-plan-persistence.test.ts': No space left on device
cp: error writing '/tmp/probe/tests/orchestra/sprint-controller-nervous-wire.test.ts': No space left on device
cp: error writing '/tmp/probe/tests/orchestra/sprint-planner-orphan-cleanup.test.ts': No space left on device
cp: error writing '/tmp/probe/tests/orchestra/temp-agent-demote.test.ts': No space left on device
cp: error writing '/tmp/probe/tests/orchestra/planner-smoke-e2e.test.ts': No space left on device
cp: error writing '/tmp/probe/tests/orchestra/resolve-task-model.test.ts': No space left on device
cp: error writing '/tmp/probe/tests/orchestra/planner-override-precedence.test.ts': No space left on device
cp: error writing '/tmp/probe/tests/orchestra/dependency-pipeline-wire.test.ts': No space left on device
cp: error writing '/tmp/probe/tests/orchestra/topp-continuous-dispatch.test.ts': No space left on device
cp: error writing '/tmp/probe/tests/orchestra/avgcoverage-repair.test.ts': No space left on device
cp: error writing '/tmp/probe/tests/orchestra/dependency-pipeline.test.ts': No space left on device
cp: error writing '/tmp/probe/tests/orchestra/brain-provider.test.ts': No space left on device
cp: error writing '/tmp/probe/tests/orchestra/liveness-adopt.test.ts': No space left on device
cp: error writing '/tmp/probe/tests/orchestra/run-proposal-compiler-sanitization.test.ts': No space left on device
cp: error writing '/tmp/probe/tests/orchestra/evaluator-schema.test.ts': No space left on device
cp: error writing '/tmp/probe/tests/orchestra/acceptance-all-branches-wire.test.ts': No space left on device
cp: error writing '/tmp/probe/tests/orchestra/scope-w1b.test.ts': No space left on device
cp: error writing '/tmp/probe/tests/orchestra/smoke-field-flow.test.ts': No space left on device
cp: error writing '/tmp/probe/tests/orchestra/scheduler-reducer-cascade.test.ts': No space left on device
cp: error writing '/tmp/probe/tests/orchestra/checkpoint-cascade-restore.test.ts': No space left on device
cp: error writing '/tmp/probe/tests/orchestra/timeout-placeholder-scope-diff.test.ts': No space left on device
cp: error writing '/tmp/probe/tests/orchestra/run-job-service.test.ts': No space left on device
cp: error writing '/tmp/probe/tests/orchestra/ci-baseline-honest.test.ts': No space left on device
cp: error writing '/tmp/probe/tests/orchestra/smoke-audit.test.ts': No space left on device
cp: error writing '/tmp/probe/tests/orchestra/scheduler-cascade-composition.test.ts': No space left on device
cp: error writing '/tmp/probe/tests/orchestra/scheduler-fifo-dependency-safety.test.ts': No space left on device
cp: error writing '/tmp/probe/tests/orchestra/verify-commands-prompt.test.ts': No space left on device
cp: error writing '/tmp/probe/tests/orchestra/processqueue-stall.test.ts': No space left on device
cp: error writing '/tmp/probe/tests/orchestra/pre-start-guards.test.ts': No space left on device
cp: error writing '/tmp/probe/tests/orchestra/env-probe-wire.test.ts': No space left on device
cp: error writing '/tmp/probe/tests/orchestra/allowlist-flag-wire.test.ts': No space left on device
cp: error writing '/tmp/probe/tests/orchestra/terminal-publication-zero-task.test.ts': No space left on device
cp: error writing '/tmp/probe/tests/orchestra/sprint-finalizer.test.ts': No space left on device
cp: error writing '/tmp/probe/tests/orchestra/fresh-eyes-rotation.test.ts': No space left on device
cp: error writing '/tmp/probe/tests/orchestra/docker-heartbeat-authority-wire.test.ts': No space left on device
cp: error writing '/tmp/probe/tests/orchestra/eaa-atomic.test.ts': No space left on device
cp: error writing '/tmp/probe/tests/orchestra/sprint-metrics.test.ts': No space left on device
cp: error writing '/tmp/probe/tests/orchestra/handoff-recovery-wire.test.ts': No space left on device
cp: error writing '/tmp/probe/tests/orchestra/run-flow-coordinator-harness.ts': No space left on device
cp: error writing '/tmp/probe/tests/orchestra/prompt-evolution-retro-wire.test.ts': No space left on device
cp: error writing '/tmp/probe/tests/orchestra/fix-phase-map.test.ts': No space left on device
cp: error writing '/tmp/probe/tests/orchestra/scheduler-shadow-retention-finalize.test.ts': No space left on device
cp: error writing '/tmp/probe/tests/orchestra/provider-routing-production-wire.test.ts': No space left on device
cp: error writing '/tmp/probe/tests/orchestra/shared-prompt-inject.test.ts': No space left on device
cp: error writing '/tmp/probe/tests/orchestra/comms-instruction.test.ts': No space left on device
cp: error writing '/tmp/probe/tests/orchestra/handoff-prompt-inject.test.ts': No space left on device
cp: error writing '/tmp/probe/tests/orchestra/shared-write-bridge.test.ts': No space left on device
cp: error writing '/tmp/probe/tests/orchestra/handoff-notes.test.ts': No space left on device
cp: error writing '/tmp/probe/tests/orchestra/honest-gate-garbage.test.ts': No space left on device
cp: error writing '/tmp/probe/tests/orchestra/brain-eval-integrity.test.ts': No space left on device
cp: error writing '/tmp/probe/tests/orchestra/scheduler-collision-reorder-wire.test.ts': No space left on device
cp: error writing '/tmp/probe/tests/orchestra/task-builder-ollama-flow.test.ts': No space left on device
cp: error writing '/tmp/probe/tests/orchestra/changelog-update.test.ts': No space left on device
cp: error writing '/tmp/probe/tests/orchestra/spawn-backend-docker-probe.test.ts': No space left on device
cp: error writing '/tmp/probe/tests/orchestra/debt-db-accessor.test.ts': No space left on device
cp: error writing '/tmp/probe/tests/orchestra/brain-self-learning.test.ts': No space left on device
cp: error writing '/tmp/probe/tests/orchestra/ollama-model-flow-236.test.ts': No space left on device
cp: error writing '/tmp/probe/tests/orchestra/fix-agent-selection.test.ts': No space left on device
cp: error writing '/tmp/probe/tests/orchestra/retro-dual-write.test.ts': No space left on device
cp: error writing '/tmp/probe/tests/orchestra/debt-manager.test.ts': No space left on device
cp: error writing '/tmp/probe/tests/orchestra/finalize-error-surface.test.ts': No space left on device
cp: error writing '/tmp/probe/tests/orchestra/debt-parse-fix.test.ts': No space left on device
cp: error writing '/tmp/probe/tests/orchestra/cross-sprint-analyzer.test.ts': No space left on device
cp: error writing '/tmp/probe/tests/orchestra/nogo-note-accuracy.test.ts': No space left on device
cp: error writing '/tmp/probe/tests/orchestra/evaluate-enforcement-gates.test.ts': No space left on device
cp: error writing '/tmp/probe/tests/orchestra/mixed-fleet-spawn-routing.test.ts': No space left on device
cp: error writing '/tmp/probe/tests/orchestra/dna-filter-stat-credit.test.ts': No space left on device
cp: error writing '/tmp/probe/tests/orchestra/content-generators-counts.test.ts': No space left on device
cp: error writing '/tmp/probe/tests/orchestra/retro-behavior-changes.test.ts': No space left on device
cp: error writing '/tmp/probe/tests/orchestra/spawn-timeout-wiring.test.ts': No space left on device
cp: error writing '/tmp/probe/tests/orchestra/content-generators-numbers.test.ts': No space left on device
cp: error writing '/tmp/probe/tests/orchestra/agent-retirement-wire.test.ts': No space left on device
cp: error writing '/tmp/probe/tests/orchestra/user-surface-classify.test.ts': No space left on device
cp: error writing '/tmp/probe/tests/orchestra/task-artifact-projection.test.ts': No space left on device
cp: error writing '/tmp/probe/tests/orchestra/sprint-metrics-unevaluated.test.ts': No space left on device
cp: error writing '/tmp/probe/tests/orchestra/promotion-esm-import.test.ts': No space left on device
cp: error writing '/tmp/probe/tests/orchestra/prompt-token-optimizer.test.ts': No space left on device
cp: error writing '/tmp/probe/tests/orchestra/module-count-sync.test.ts': No space left on device
cp: error writing '/tmp/probe/tests/orchestra/per-worker-provider-resolve.test.ts': No space left on device
cp: error writing '/tmp/probe/tests/orchestra/identity-mutation-loop.test.ts': No space left on device
cp: error writing '/tmp/probe/tests/orchestra/proof-of-function.test.ts': No space left on device
cp: error writing '/tmp/probe/tests/orchestra/smoke-directive-parse.test.ts': No space left on device
cp: error writing '/tmp/probe/tests/orchestra/moat3-not-dispatched.test.ts': No space left on device
cp: error writing '/tmp/probe/tests/orchestra/landing-continuation-deadlock.test.ts': No space left on device
cp: error writing '/tmp/probe/tests/orchestra/ipc-question-bridge-wire.test.ts': No space left on device
cp: error writing '/tmp/probe/tests/orchestra/retro-debt-count.test.ts': No space left on device
cp: error writing '/tmp/probe/tests/orchestra/gonogo-unescape.test.ts': No space left on device
cp: error writing '/tmp/probe/tests/orchestra/planner-normalize.test.ts': No space left on device
cp: error writing '/tmp/probe/tests/orchestra/finalize-orphan-cleanup.test.ts': No space left on device
cp: error writing '/tmp/probe/tests/orchestra/result-evaluator.test.ts': No space left on device
cp: error writing '/tmp/probe/tests/orchestra/directive-parsing.test.ts': No space left on device
cp: error writing '/tmp/probe/tests/orchestra/prompt-evolution.test.ts': No space left on device
cp: error writing '/tmp/probe/tests/orchestra/prompt-gocriteria-dedup.test.ts': No space left on device
cp: error writing '/tmp/probe/tests/orchestra/spawn-routing-adapter.test.ts': No space left on device
cp: error writing '/tmp/probe/tests/orchestra/sprint-metrics-guards.test.ts': No space left on device
cp: error writing '/tmp/probe/tests/orchestra/eval-audit-revive.test.ts': No space left on device
cp: error writing '/tmp/probe/tests/orchestra/autonomous-runtime.test.ts': No space left on device
cp: error writing '/tmp/probe/tests/orchestra/approval-decision-federation-timeout.test.ts': No space left on device
cp: error writing '/tmp/probe/tests/orchestra/confirmation-durable-write.test.ts': No space left on device
cp: error writing '/tmp/probe/tests/orchestra/approval-decision-federation-acceptance.test.ts': No space left on device
cp: error writing '/tmp/probe/tests/orchestra/acceptance-controller-settlement.test.ts': No space left on device
cp: error writing '/tmp/probe/tests/orchestra/acceptance-secondary-branches.integration.test.ts': No space left on device
cp: error writing '/tmp/probe/tests/orchestra/acceptance-confirmation-reconciler.test.ts': No space left on device
cp: error writing '/tmp/probe/tests/orchestra/acceptance-main-enforce-canary.integration.test.ts': No space left on device
cp: error writing '/tmp/probe/tests/orchestra/sprint-recovery-checkpoint-preservation.test.ts': No space left on device
cp: error writing '/tmp/probe/tests/orchestra/planner-evaluation-recovery.integration.test.ts': No space left on device
cp: error writing '/tmp/probe/tests/orchestra/recovery-truth-nine-case.integration.test.ts': No space left on device
cp: error writing '/tmp/probe/tests/orchestra/acceptance-confirmation-service.test.ts': No space left on device
cp: error writing '/tmp/probe/tests/orchestra/evaluate-result.test.ts': No space left on device
cp: error writing '/tmp/probe/tests/orchestra/acceptance-confirmation-composition.test.ts': No space left on device
cp: error writing '/tmp/probe/tests/orchestra/auditor-stale-race.test.ts': No space left on device
cp: error writing '/tmp/probe/tests/orchestra/runtime-budget-monitor.test.ts': No space left on device
cp: error writing '/tmp/probe/tests/orchestra/docker-budget-stream.test.ts': No space left on device
cp: error writing '/tmp/probe/tests/orchestra/planner-invocation-receipt.test.ts': No space left on device
cp: error writing '/tmp/probe/tests/orchestra/as2-p3-failover.test.ts': No space left on device
cp: error writing '/tmp/probe/tests/orchestra/promote-w1.test.ts': No space left on device
cp: error writing '/tmp/probe/tests/orchestra/state-w1-taxonomy.test.ts': No space left on device
cp: error writing '/tmp/probe/tests/orchestra/tel-w1-reason.test.ts': No space left on device
cp: error writing '/tmp/probe/tests/orchestra/provider-observation-aborted-retirement.test.ts': No space left on device
cp: error writing '/tmp/probe/tests/orchestra/data-w1-tokenusage.test.ts': No space left on device
cp: error writing '/tmp/probe/tests/orchestra/f10-deepen.test.ts': No space left on device
cp: error writing '/tmp/probe/tests/orchestra/acceptance-all-surface-closure.integration.test.ts': No space left on device
cp: error writing '/tmp/probe/tests/orchestra/ent1-deepen.test.ts': No space left on device
cp: error writing '/tmp/probe/tests/orchestra/adr-selector.test.ts': No space left on device
cp: error writing '/tmp/probe/tests/orchestra/runsprint-debt-integration.test.ts': No space left on device
cp: error writing '/tmp/probe/tests/orchestra/wrapper-hb-allowlist.test.ts': No space left on device
cp: error writing '/tmp/probe/tests/orchestra/finalize-sprint.test.ts': No space left on device
cp: error writing '/tmp/probe/tests/orchestra/postfix-pending-scan.test.ts': No space left on device
cp: error writing '/tmp/probe/tests/orchestra/evaluate-cross-verify-wire.test.ts': No space left on device
cp: error writing '/tmp/probe/tests/orchestra/acceptance-authority-restart.integration.test.ts': No space left on device
cp: error writing '/tmp/probe/tests/orchestra/cascade-circuit-breaker.test.ts': No space left on device
cp: error writing '/tmp/probe/tests/orchestra/model-selector.test.ts': No space left on device
cp: error writing '/tmp/probe/tests/orchestra/docker-provider-cli.test.ts': No space left on device
cp: error writing '/tmp/probe/tests/orchestra/u4-integration-compose.test.ts': No space left on device
cp: error writing '/tmp/probe/tests/orchestra/sprint-state-tracker.test.ts': No space left on device
cp: error writing '/tmp/probe/tests/orchestra/spurious-no-go-reconciliation.test.ts': No space left on device
cp: error writing '/tmp/probe/tests/orchestra/mid-sprint-adapter-async.test.ts': No space left on device
cp: error writing '/tmp/probe/tests/orchestra/phase-transition-observability.test.ts': No space left on device
cp: error writing '/tmp/probe/tests/orchestra/evaluate-with-rubric-spurious-reconcile.test.ts': No space left on device
cp: error writing '/tmp/probe/tests/orchestra/evaluate-premature-retry.test.ts': No space left on device
cp: error writing '/tmp/probe/tests/orchestra/moat3-fixphase.test.ts': No space left on device
cp: error writing '/tmp/probe/tests/orchestra/docker-dist-guard.test.ts': No space left on device
cp: error writing '/tmp/probe/tests/orchestra/surf0-flowid-seam-pin.test.ts': No space left on device
cp: error writing '/tmp/probe/tests/orchestra/sprint-docs-cleanup.test.ts': No space left on device
cp: error writing '/tmp/probe/tests/orchestra/no-result-stub-eradication.test.ts': No space left on device
cp: error writing '/tmp/probe/tests/orchestra/self-audit-gate.test.ts': No space left on device
cp: error writing '/tmp/probe/tests/orchestra/reconciler.test.ts': No space left on device
cp: error writing '/tmp/probe/tests/orchestra/tmux-provider-cli.test.ts': No space left on device
cp: error writing '/tmp/probe/tests/orchestra/sprint-phases-overlap.test.ts': No space left on device
cp: error writing '/tmp/probe/tests/orchestra/result-merger.test.ts': No space left on device
cp: error writing '/tmp/probe/tests/orchestra/honest-gate-deletion.test.ts': No space left on device
cp: error writing '/tmp/probe/tests/orchestra/authority-enforcer.test.ts': No space left on device
cp: error writing '/tmp/probe/tests/orchestra/gate-techdebt-downgrade.test.ts': No space left on device
cp: error writing '/tmp/probe/tests/orchestra/sprint-reporter-usage.test.ts': No space left on device
cp: error writing '/tmp/probe/tests/orchestra/runtime-hygiene-finalizer.test.ts': No space left on device
cp: error writing '/tmp/probe/tests/orchestra/token-extract-via-adapter.test.ts': No space left on device
cp: error writing '/tmp/probe/tests/orchestra/event-bus.test.ts': No space left on device
cp: error writing '/tmp/probe/tests/orchestra/sprint-pid-manager.test.ts': No space left on device
cp: error writing '/tmp/probe/tests/orchestra/kpi-forward-collection.test.ts': No space left on device
cp: error writing '/tmp/probe/tests/orchestra/sprint-recovery-adapter.test.ts': No space left on device
cp: error writing '/tmp/probe/tests/orchestra/adr-pointer-path.test.ts': No space left on device
cp: error writing '/tmp/probe/tests/orchestra/prompt-w1.test.ts': No space left on device
cp: error writing '/tmp/probe/tests/orchestra/progress-emit.test.ts': No space left on device
cp: error writing '/tmp/probe/tests/orchestra/spawner-dep-normalization.test.ts': No space left on device
cp: error writing '/tmp/probe/tests/orchestra/idempotency-key-inject.test.ts': No space left on device
cp: error writing '/tmp/probe/tests/orchestra/spawner-single-authority.test.ts': No space left on device
cp: error writing '/tmp/probe/tests/orchestra/execution-recovery-service.test.ts': No space left on device
cp: error writing '/tmp/probe/tests/orchestra/docker-backend-owned-settlement.test.ts': No space left on device
cp: error writing '/tmp/probe/tests/orchestra/docker-container-start-failed.test.ts': No space left on device
cp: error writing '/tmp/probe/tests/orchestra/wpopt-dedup.test.ts': No space left on device
cp: error writing '/tmp/probe/tests/orchestra/prompt-comment-refresh.test.ts': No space left on device
cp: error writing '/tmp/probe/tests/orchestra/override-warning-surface.test.ts': No space left on device
cp: error writing '/tmp/probe/tests/orchestra/evaluate-phase-idempotency.test.ts': No space left on device
cp: error writing '/tmp/probe/tests/orchestra/sprint-reporter-lineage-summary.test.ts': No space left on device
cp: error writing '/tmp/probe/tests/orchestra/docker-auth-precedence.test.ts': No space left on device
cp: error writing '/tmp/probe/tests/orchestra/rvdc-deadbranch.test.ts': No space left on device
cp: error writing '/tmp/probe/tests/orchestra/docker-provider-auth.test.ts': No space left on device
cp: error writing '/tmp/probe/tests/orchestra/exec-throw-armor.test.ts': No space left on device
cp: error writing '/tmp/probe/tests/orchestra/buildworkerprompt-projectroot-thread.test.ts': No space left on device
cp: error writing '/tmp/probe/tests/orchestra/decay-config-wire.test.ts': No space left on device
cp: error writing '/tmp/probe/tests/orchestra/sprint-finalizer-runflow.test.ts': No space left on device
cp: error writing '/tmp/probe/tests/orchestra/scheduler-fifo-composition.test.ts': No space left on device
cp: error writing '/tmp/probe/tests/orchestra/trn1-sprint-trace-wire.test.ts': No space left on device
cp: error writing '/tmp/probe/tests/orchestra/golden-flow.test.ts': No space left on device
cp: error writing '/tmp/probe/tests/orchestra/fix-model-preserve.test.ts': No space left on device
cp: error writing '/tmp/probe/tests/orchestra/rbac-spawn-mainline.test.ts': No space left on device
cp: error writing '/tmp/probe/tests/orchestra/cost-guard-dispatch-gate.test.ts': No space left on device
cp: error writing '/tmp/probe/tests/orchestra/tmux-edge.test.ts': No space left on device
cp: error writing '/tmp/probe/tests/orchestra/archive-finalizer-recovery-seal.integration.test.ts': No space left on device
cp: error writing '/tmp/probe/tests/orchestra/pcomp-prompt-composition.test.ts': No space left on device
cp: error writing '/tmp/probe/tests/orchestra/task-mode-tokenusage.test.ts': No space left on device
cp: error writing '/tmp/probe/tests/orchestra/ipc-worker-question-action.test.ts': No space left on device
cp: error writing '/tmp/probe/tests/orchestra/token-counter-real-usage.test.ts': No space left on device
cp: error writing '/tmp/probe/tests/orchestra/debt-chain-walk.test.ts': No space left on device
cp: error writing '/tmp/probe/tests/orchestra/subproc-provider-cli.test.ts': No space left on device
cp: error writing '/tmp/probe/tests/orchestra/debt364-followups.test.ts': No space left on device
cp: error writing '/tmp/probe/tests/orchestra/archive-finalizer-normal-seal.integration.test.ts': No space left on device
cp: error writing '/tmp/probe/tests/orchestra/fix-task-force-skills.test.ts': No space left on device
cp: error writing '/tmp/probe/tests/orchestra/goal-narrative-not-a-task.test.ts': No space left on device
cp: error writing '/tmp/probe/tests/orchestra/task-projection-parity.test.ts': No space left on device
cp: error writing '/tmp/probe/tests/orchestra/skill-unlock-battery.test.ts': No space left on device
cp: error writing '/tmp/probe/tests/orchestra/heartbeat-contract.test.ts': No space left on device
cp: error writing '/tmp/probe/tests/orchestra/sprint-log-projection.test.ts': No space left on device
cp: error writing '/tmp/probe/tests/orchestra/scope-parser-phantom.test.ts': No space left on device
cp: error writing '/tmp/probe/tests/orchestra/generated-skill-durability.test.ts': No space left on device
cp: error writing '/tmp/probe/tests/orchestra/spend-gate-enforce.test.ts': No space left on device
cp: error writing '/tmp/probe/tests/orchestra/sprint-history-richness.test.ts': No space left on device
cp: error writing '/tmp/probe/tests/orchestra/continuation-admission-modes.test.ts': No space left on device
cp: error writing '/tmp/probe/tests/orchestra/spawn-git-async.test.ts': No space left on device
cp: error writing '/tmp/probe/tests/orchestra/archive-path-authority.test.ts': No space left on device
cp: error writing '/tmp/probe/tests/orchestra/runner-death-record.test.ts': No space left on device
cp: error writing '/tmp/probe/tests/orchestra/evaluation-honesty-negative-replay.test.ts': No space left on device
cp: error writing '/tmp/probe/tests/orchestra/fix-spawn-observability.test.ts': No space left on device
cp: error writing '/tmp/probe/tests/orchestra/sprint-utils.test.ts': No space left on device
cp: error writing '/tmp/probe/tests/orchestra/planner-scope-declared-files.test.ts': No space left on device
cp: error writing '/tmp/probe/tests/orchestra/docker-worktree-session-isolation.test.ts': No space left on device
cp: error writing '/tmp/probe/tests/orchestra/sprint-phases.test.ts': No space left on device
cp: error writing '/tmp/probe/tests/orchestra/execution-recovery-assurance.test.ts': No space left on device
cp: error writing '/tmp/probe/tests/orchestra/spawn-coordinator.test.ts': No space left on device
cp: error writing '/tmp/probe/tests/orchestra/fix-dispatch-continuation.test.ts': No space left on device
cp: error writing '/tmp/probe/tests/orchestra/result-json-control-char-tolerance.test.ts': No space left on device
cp: error writing '/tmp/probe/tests/orchestra/execution-recovery-adapter.test.ts': No space left on device
cp: error writing '/tmp/probe/tests/orchestra/stale-spawnlock-watchdog.test.ts': No space left on device
cp: error writing '/tmp/probe/tests/orchestra/rubric-armor-complete.test.ts': No space left on device
cp: error writing '/tmp/probe/tests/orchestra/execute-fix-quiescence.integration.test.ts': No space left on device
cp: error writing '/tmp/probe/tests/orchestra/planner-preflight.test.ts': No space left on device
cp: error writing '/tmp/probe/tests/orchestra/sprint-spawner.test.ts': No space left on device
cp: error writing '/tmp/probe/tests/orchestra/budget-landing-checkpoint-quote-safety.test.ts': No space left on device
cp: error writing '/tmp/probe/tests/orchestra/attribution-limit-death.test.ts': No space left on device
cp: error writing '/tmp/probe/tests/orchestra/attribution-unmeasurable-rca.test.ts': No space left on device
cp: error writing '/tmp/probe/tests/orchestra/autonomous-tenant-authority.test.ts': No space left on device
cp: error writing '/tmp/probe/tests/orchestra/doc-task-verification-scope.test.ts': No space left on device
cp: error writing '/tmp/probe/tests/orchestra/gwtd-fix-trigger.test.ts': No space left on device
cp: error writing '/tmp/probe/tests/orchestra/lifecycle-vocabulary.test.ts': No space left on device
cp: error writing '/tmp/probe/tests/orchestra/persona-spawn-gate.test.ts': No space left on device
cp: error writing '/tmp/probe/tests/orchestra/post-settlement-binary-staging.test.ts': No space left on device
cp: error writing '/tmp/probe/tests/orchestra/projection-parity-artifacts.test.ts': No space left on device
cp: error writing '/tmp/probe/tests/orchestra/read-satisfiability-gate.test.ts': No space left on device
cp: error writing '/tmp/probe/tests/orchestra/workspace-artifacts.test.ts': No space left on device
cp: error writing '/tmp/probe/tests/orchestra/write-scope-backend-parity.test.ts': No space left on device
cp: error writing '/tmp/probe/tests/orchestra/xverify-producer-fencing.test.ts': No space left on device
cp: error writing '/tmp/probe/tests/orchestra/run-flow-recovery-adapter.test.ts': No space left on device
cp: error writing '/tmp/probe/tests/orchestra/run-job-recovery-adapter.test.ts': No space left on device
cp: error writing '/tmp/probe/tests/orchestra/cross-verify-provider-observation-retirement.test.ts': No space left on device
cp: error writing '/tmp/probe/tests/orchestra/spawn-failure-authority.test.ts': No space left on device
cp: error writing '/tmp/probe/tests/orchestra/cross-verify-progression.test.ts': No space left on device
cp: error writing '/tmp/probe/tests/orchestra/sprint-recovery-operation.test.ts': No space left on device
cp: error writing '/tmp/probe/tests/orchestra/production-wiring-host-proof-absence.test.ts': No space left on device
cp: error writing '/tmp/probe/tests/orchestra/continuous-dispatch-safety.test.ts': No space left on device
cp: error writing '/tmp/probe/tests/orchestra/prompt-exact-execution-authority.test.ts': No space left on device
cp: error writing '/tmp/probe/tests/orchestra/sprint-terminal-receipt-order.test.ts': No space left on device
cp: error writing '/tmp/probe/tests/orchestra/plan-improvements.test.ts': No space left on device
cp: error writing '/tmp/probe/tests/orchestra/spawn-coordinator-oom.test.ts': No space left on device
cp: error writing '/tmp/probe/tests/orchestra/scheduler-single-truth.test.ts': No space left on device
cp: error writing '/tmp/probe/tests/orchestra/model-activation-policy-enforcement.test.ts': No space left on device
cp: error writing '/tmp/probe/tests/orchestra/prompt-authority-drift-race.test.ts': No space left on device
cp: error writing '/tmp/probe/tests/orchestra/sprint-attribution-summary-replay.test.ts': No space left on device
cp: error writing '/tmp/probe/tests/orchestra/cross-verify-admission-policy.test.ts': No space left on device
cp: error writing '/tmp/probe/tests/orchestra/result-collector-disposition.test.ts': No space left on device
cp: error writing '/tmp/probe/tests/orchestra/disposition-event.test.ts': No space left on device
cp: error writing '/tmp/probe/tests/orchestra/fix-repair-authority.test.ts': No space left on device
cp: error writing '/tmp/probe/tests/orchestra/debt-manager-fix-authority-wire.test.ts': No space left on device
cp: error writing '/tmp/probe/tests/orchestra/scheduler-reducer.test.ts': No space left on device
cp: error writing '/tmp/probe/tests/orchestra/docker-provider-execution-observation.test.ts': No space left on device
cp: error writing '/tmp/probe/tests/orchestra/failure-disposition-chain.test.ts': No space left on device
cp: error writing '/tmp/probe/tests/orchestra/failure-disposition-fix-gate.test.ts': No space left on device
cp: error writing '/tmp/probe/tests/orchestra/repair-task-constraint-inheritance.test.ts': No space left on device
cp: error writing '/tmp/probe/tests/orchestra/self-audit-scoped-policy.test.ts': No space left on device
cp: error writing '/tmp/probe/tests/orchestra/self-audit-adapter-wire.test.ts': No space left on device
cp: error writing '/tmp/probe/tests/orchestra/production-wiring-task-builder.test.ts': No space left on device
cp: error writing '/tmp/probe/tests/orchestra/production-wiring-evaluator-gate.test.ts': No space left on device
cp: error writing '/tmp/probe/tests/orchestra/production-wiring-surface-parity.test.ts': No space left on device
cp: error writing '/tmp/probe/tests/orchestra/production-wiring-outer-barrier.test.ts': No space left on device
cp: error writing '/tmp/probe/tests/orchestra/evaluation-verification-isolation.test.ts': No space left on device
cp: error writing '/tmp/probe/tests/orchestra/worker-verify-isolation-wire.test.ts': No space left on device
cp: error writing '/tmp/probe/tests/orchestra/concurrent-verification-isolation.integration.test.ts': No space left on device
cp: error writing '/tmp/probe/tests/orchestra/post-settlement-planner-wire.test.ts': No space left on device
cp: error writing '/tmp/probe/tests/orchestra/force-abort-sprint.test.ts': No space left on device
cp: error writing '/tmp/probe/tests/orchestra/completed-checkpoint-terminalizer-events.test.ts': No space left on device
cp: error writing '/tmp/probe/tests/orchestra/dep-ref-loud.test.ts': No space left on device
cp: error writing '/tmp/probe/tests/orchestra/execution-landing-coordinator.test.ts': No space left on device
cp: error writing '/tmp/probe/tests/orchestra/prompt-turn-economy.test.ts': No space left on device
cp: error writing '/tmp/probe/tests/orchestra/task-result-authority.test.ts': No space left on device
cp: error writing '/tmp/probe/tests/orchestra/rubric-coverage-renorm.test.ts': No space left on device
cp: error writing '/tmp/probe/tests/orchestra/cross-verify-wire.test.ts': No space left on device
cp: error writing '/tmp/probe/tests/orchestra/result-collector-settlement-authority.test.ts': No space left on device
cp: error writing '/tmp/probe/tests/orchestra/terminal-publication-block-trace.probe.test.ts': No space left on device
cp: error writing '/tmp/probe/tests/orchestra/sprint-finalizer-terminal-publication.test.ts': No space left on device
cp: error writing '/tmp/probe/tests/orchestra/sprint-terminal-evidence-classifier.mixed-outcome.test.ts': No space left on device
cp: error writing '/tmp/probe/tests/orchestra/cross-verify-channel-truth.test.ts': No space left on device
cp: error writing '/tmp/probe/tests/orchestra/brain-integrity-regression.test.ts': No space left on device
cp: error writing '/tmp/probe/tests/orchestra/task-restoration.test.ts': No space left on device
cp: error writing '/tmp/probe/tests/orchestra/repair-overflow-dispatch.test.ts': No space left on device
cp: error writing '/tmp/probe/tests/orchestra/repair-quiescence-gate.test.ts': No space left on device
cp: error writing '/tmp/probe/tests/orchestra/repair-queue-authority.test.ts': No space left on device
cp: error writing '/tmp/probe/tests/orchestra/repair-dispatch-chain-seal.test.ts': No space left on device
cp: error writing '/tmp/probe/tests/orchestra/canonical-attribution-consumer.test.ts': No space left on device
cp: error writing '/tmp/probe/tests/orchestra/spawn-backend-recovery-diagnostic.test.ts': No space left on device
cp: error writing '/tmp/probe/tests/orchestra/forced-skill-lineage-wire.test.ts': No space left on device
cp: error writing '/tmp/probe/tests/orchestra/skill-force-delivery.test.ts': No space left on device
cp: error writing '/tmp/probe/tests/orchestra/brain-skill.test.ts': No space left on device
cp: error writing '/tmp/probe/tests/orchestra/sprint-terminal-settlement-hold.test.ts': No space left on device
cp: error writing '/tmp/probe/tests/orchestra/run-flow-decision-service.test.ts': No space left on device
cp: error writing '/tmp/probe/tests/orchestra/docker-git-async.test.ts': No space left on device
cp: error writing '/tmp/probe/tests/orchestra/acceptance-enforcement.test.ts': No space left on device
cp: error writing '/tmp/probe/tests/orchestra/approval-decision-federation.test.ts': No space left on device
cp: error writing '/tmp/probe/tests/orchestra/checkpoint-loop.test.ts': No space left on device
cp: error writing '/tmp/probe/tests/orchestra/prompt-segmentation.test.ts': No space left on device
cp: error writing '/tmp/probe/tests/orchestra/prompt-readonly-contract.test.ts': No space left on device
cp: error writing '/tmp/probe/tests/orchestra/worker-identity-hostbound.test.ts': No space left on device
cp: error writing '/tmp/probe/tests/orchestra/temp-agent-dryrun-purity.test.ts': No space left on device
cp: error writing '/tmp/probe/tests/orchestra/sprint-runner-notify-lifecycle.test.ts': No space left on device
cp: error writing '/tmp/probe/tests/orchestra/sprint-controller.test.ts': No space left on device
cp: error writing '/tmp/probe/tests/orchestra/brain-pause-resume.test.ts': No space left on device
cp: error writing '/tmp/probe/tests/orchestra/brain-ipc.test.ts': No space left on device
cp: error writing '/tmp/probe/tests/orchestra/plan-preview-parity.test.ts': No space left on device
cp: error writing '/tmp/probe/tests/orchestra/run-flow-reducer.test.ts': No space left on device
cp: error writing '/tmp/probe/tests/orchestra/pause-resume.test.ts': No space left on device
cp: error writing '/tmp/probe/tests/orchestra/prompt-compile-authority.test.ts': No space left on device
cp: error writing '/tmp/probe/tests/orchestra/tsc-settlement-gate.test.ts': No space left on device
cp: error writing '/tmp/probe/tests/orchestra/honest-gate-deletion-aware.test.ts': No space left on device
cp: error writing '/tmp/probe/tests/orchestra/lineage-descendant-cancellation.test.ts': No space left on device
cp: error writing '/tmp/probe/tests/orchestra/finalize-coordinator-retirement.test.ts': No space left on device
cp: error writing '/tmp/probe/tests/orchestra/docker-restart-reconcile-archived-attempt.test.ts': No space left on device
cp: error writing '/tmp/probe/tests/orchestra/spawn-backend-docker-container-registry.test.ts': No space left on device
cp: error writing '/tmp/probe/tests/orchestra/debt-manager-attempt-custody.test.ts': No space left on device
cp: error writing '/tmp/probe/tests/orchestra/exact-accepted-result-evaluation-settlement.test.ts': No space left on device
cp: error writing '/tmp/probe/tests/orchestra/sprint-finalizer-attempt-custody.test.ts': No space left on device
cp: error writing '/tmp/probe/tests/orchestra/exact-evaluation-policy-authority.test.ts': No space left on device
cp: error writing '/tmp/probe/tests/orchestra/exact-accepted-result-terminal-authority.test.ts': No space left on device
cp: error writing '/tmp/probe/tests/orchestra/repair-birth-authority.test.ts': No space left on device
cp: error writing '/tmp/probe/tests/orchestra/exact-docker-dispatch-task-authority.test.ts': No space left on device
cp: error writing '/tmp/probe/tests/orchestra/exact-docker-provider-exit-authority.test.ts': No space left on device
cp: error writing '/tmp/probe/tests/orchestra/spawn-backend-docker-ipc-authority.test.ts': No space left on device
cp: error writing '/tmp/probe/tests/orchestra/spawn-backend-docker-dependency-inspection.test.ts': No space left on device
cp: error writing '/tmp/probe/tests/orchestra/recovery-resume-state-retention.test.ts': No space left on device
cp: error writing '/tmp/probe/tests/orchestra/scheduler-effects.test.ts': No space left on device
cp: error writing '/tmp/probe/tests/orchestra/planner-spawn-output-limit.test.ts': No space left on device
cp: error writing '/tmp/probe/tests/orchestra/cross-verify-docker-strict-launcher.test.ts': No space left on device
cp: error writing '/tmp/probe/tests/orchestra/cross-verify-invocation-authority.test.ts': No space left on device
cp: error writing '/tmp/probe/tests/orchestra/cross-verify-production-ingress-authority.test.ts': No space left on device
cp: error writing '/tmp/probe/tests/orchestra/docker-continuation-lineage.test.ts': No space left on device
cp: error writing '/tmp/probe/tests/orchestra/execution-continuation-runner.test.ts': No space left on device
cp: error writing '/tmp/probe/tests/orchestra/local-backend-auth-parity.test.ts': No space left on device
cp: error writing '/tmp/probe/tests/orchestra/sprint-result-authority-wire.test.ts': No space left on device
cp: error writing '/tmp/probe/tests/orchestra/sprint-runner-pid-snapshot-retention.test.ts': No space left on device
cp: error writing '/tmp/probe/tests/orchestra/planner-dependency-shape.test.ts': No space left on device
cp: error writing '/tmp/probe/tests/orchestra/planner-host-completed-wiring.test.ts': No space left on device
cp: error writing '/tmp/probe/tests/orchestra/production-wiring-host-proof-failure-reason.test.ts': No space left on device
cp: error writing '/tmp/probe/tests/orchestra/archived-sprint-terminal-disposition.test.ts': No space left on device
cp: error writing '/tmp/probe/tests/orchestra/production-wiring-prompt.test.ts': No space left on device
cp: error writing '/tmp/probe/tests/orchestra/spawn-backend-docker-mounts.test.ts': No space left on device
cp: error writing '/tmp/probe/tests/orchestra/sprint-notification-truth.test.ts': No space left on device
cp: error writing '/tmp/probe/tests/orchestra/planner-plan-contract.test.ts': No space left on device
cp: error writing '/tmp/probe/tests/orchestra/run-proposal-planning-admission.test.ts': No space left on device
cp: error writing '/tmp/probe/tests/orchestra/spawn-backend-docker-planning-preflight.test.ts': No space left on device
cp: error writing '/tmp/probe/tests/orchestra/exact-acceptance-evidence.test.ts': No space left on device
cp: error writing '/tmp/probe/tests/orchestra/exact-committed-unsettled-recovery.test.ts': No space left on device
cp: error writing '/tmp/probe/tests/orchestra/exact-docker-private-output-contract.test.ts': No space left on device
cp: error writing '/tmp/probe/tests/orchestra/exact-rejected-result-closure.test.ts': No space left on device
cp: error writing '/tmp/probe/tests/orchestra/exact-controller-terminal-fanin.test.ts': No space left on device
cp: error writing '/tmp/probe/tests/orchestra/rejected-result-history.test.ts': No space left on device
cp: error writing '/tmp/probe/tests/orchestra/debt-origin-wiring-roundtrip.test.ts': No space left on device
cp: error writing '/tmp/probe/tests/orchestra/debt-hold-production-wiring.test.ts': No space left on device
cp: error writing '/tmp/probe/tests/orchestra/task-output-live-read.test.ts': No space left on device
cp: error writing '/tmp/probe/tests/orchestra/task-output-live-transport.test.ts': No space left on device
cp: error writing '/tmp/probe/tests/orchestra/task-output-read-service.test.ts': No space left on device
cp: error writing '/tmp/probe/tests/platform-tags.test.ts': No space left on device
cp: error writing '/tmp/probe/tests/providers/gemini.test.ts': No space left on device
cp: error writing '/tmp/probe/tests/providers/claude-usage.test.ts': No space left on device
cp: error writing '/tmp/probe/tests/providers/ollama.test.ts': No space left on device
cp: error writing '/tmp/probe/tests/providers/codex-integration.test.ts': No space left on device
cp: error writing '/tmp/probe/tests/providers/cursor-provider-evidence-sources.test.ts': No space left on device
cp: error writing '/tmp/probe/tests/providers/spawn-safe-crossplatform.test.ts': No space left on device
cp: error writing '/tmp/probe/tests/providers/subprocess-legacy-path.test.ts': No space left on device
cp: error writing '/tmp/probe/tests/providers/deckbroker-wire.test.ts': No space left on device
cp: error writing '/tmp/probe/tests/providers/ollama-agentic-worker.test.ts': No space left on device
cp: error writing '/tmp/probe/tests/providers/claude-prompt-cache.test.ts': No space left on device
cp: error writing '/tmp/probe/tests/providers/gemini-integration.test.ts': No space left on device
cp: error writing '/tmp/probe/tests/providers/cred-scrub-all-adapters.test.ts': No space left on device
cp: error writing '/tmp/probe/tests/providers/pgid-teardown.test.ts': No space left on device
cp: error writing '/tmp/probe/tests/providers/subprocess-moat2-linger.test.ts': No space left on device
cp: error writing '/tmp/probe/tests/providers/cross-provider-keys-scrub.test.ts': No space left on device
cp: error writing '/tmp/probe/tests/providers/subprocess-auth-noleak.test.ts': No space left on device
cp: error writing '/tmp/probe/tests/providers/sandbox.test.ts': No space left on device
cp: error writing '/tmp/probe/tests/providers/claude-cleanup-active-protected.test.ts': No space left on device
cp: error writing '/tmp/probe/tests/providers/cursor.test.ts': No space left on device
cp: error writing '/tmp/probe/tests/providers/provider-authority-runtime-bootstrap.test.ts': No space left on device
cp: error writing '/tmp/probe/tests/providers/docker-bounded-reachability-evidence.test.ts': No space left on device
cp: error writing '/tmp/probe/tests/providers/process-group-kill.test.ts': No space left on device
cp: error writing '/tmp/probe/tests/providers/openai-compatible.test.ts': No space left on device
cp: error writing '/tmp/probe/tests/providers/codex-isAvailable.test.ts': No space left on device
cp: error writing '/tmp/probe/tests/providers/claude-isAvailable.test.ts': No space left on device
cp: error writing '/tmp/probe/tests/providers/gemini-isAvailable.test.ts': No space left on device
cp: error writing '/tmp/probe/tests/providers/cache-adapter-resource.test.ts': No space left on device
cp: error writing '/tmp/probe/tests/providers/ollama-utf8-stream.test.ts': No space left on device
cp: error writing '/tmp/probe/tests/providers/openrouter-usage.test.ts': No space left on device
cp: error writing '/tmp/probe/tests/providers/openrouter.test.ts': No space left on device
cp: error writing '/tmp/probe/tests/providers/subprocess-live-budget.test.ts': No space left on device
cp: error writing '/tmp/probe/tests/providers/bedrock-sigv4.test.ts': No space left on device
cp: error writing '/tmp/probe/tests/providers/bedrock-conformance.test.ts': No space left on device
cp: error writing '/tmp/probe/tests/providers/codex-usage.test.ts': No space left on device
cp: error writing '/tmp/probe/tests/providers/cache-adapter.test.ts': No space left on device
cp: error writing '/tmp/probe/tests/providers/subprocess-live-activity.test.ts': No space left on device
cp: error writing '/tmp/probe/tests/providers/gemini-usage.test.ts': No space left on device
cp: error writing '/tmp/probe/tests/providers/ollama-health-gate.test.ts': No space left on device
cp: error writing '/tmp/probe/tests/providers/claude.test.ts': No space left on device
cp: error writing '/tmp/probe/tests/providers/session-usage-store.test.ts': No space left on device
cp: error writing '/tmp/probe/tests/providers/openai-compatible-local.test.ts': No space left on device
cp: error writing '/tmp/probe/tests/providers/codex.test.ts': No space left on device
cp: error writing '/tmp/probe/tests/providers/codex-provider-evidence-sources.test.ts': No space left on device
cp: error writing '/tmp/probe/tests/providers/subprocess.test.ts': No space left on device
cp: error writing '/tmp/probe/tests/providers/claude-account-evidence.test.ts': No space left on device
cp: error writing '/tmp/probe/tests/providers/claude-provider-evidence-sources.test.ts': No space left on device
cp: error writing '/tmp/probe/tests/providers/claude-reachability-evidence.test.ts': No space left on device
cp: error writing '/tmp/probe/tests/providers/claude-reachability-observation.test.ts': No space left on device
cp: error writing '/tmp/probe/tests/providers/claude-subscription-limit-evidence.test.ts': No space left on device
cp: error writing '/tmp/probe/tests/providers/provider-tier-model-authority.test.ts': No space left on device
cp: error writing '/tmp/probe/tests/providers/subprocess-broker-fail-closed.test.ts': No space left on device
cp: error writing '/tmp/probe/tests/scripts/lint-directives.test.ts': No space left on device
cp: error writing '/tmp/probe/tests/scripts/lint-sprint-archive-writers.test.ts': No space left on device
cp: error writing '/tmp/probe/tests/scripts/lint-no-spawnsync.test.ts': No space left on device
cp: error writing '/tmp/probe/tests/scripts/script-registry.test.ts': No space left on device
cp: error writing '/tmp/probe/tests/scripts/clean-active-execution-guard.test.ts': No space left on device
cp: error writing '/tmp/probe/tests/scripts/sync-to-product.test.ts': No space left on device
cp: error writing '/tmp/probe/tests/scripts/e2e-surfaces-dashboard.test.ts': No space left on device
cp: error writing '/tmp/probe/tests/scripts/update-readme-stats.test.ts': No space left on device
cp: error writing '/tmp/probe/tests/scripts/publish-workflow.test.ts': No space left on device
cp: error writing '/tmp/probe/tests/scripts/stress-simulator.test.ts': No space left on device
cp: error writing '/tmp/probe/tests/scripts/agentic-do-verify.test.ts': No space left on device
cp: error writing '/tmp/probe/tests/scripts/manifest-autonomous.test.ts': No space left on device
cp: error writing '/tmp/probe/tests/scripts/adr-validator.test.ts': No space left on device
cp: error writing '/tmp/probe/tests/scripts/pre-flight-health-check.test.ts': No space left on device
cp: error writing '/tmp/probe/tests/scripts/prompt-linter.test.ts': No space left on device
cp: error writing '/tmp/probe/tests/scripts/platform-registry.test.ts': No space left on device
cp: error writing '/tmp/probe/tests/scripts/reclassify-backfill.test.ts': No space left on device
cp: error writing '/tmp/probe/tests/scripts/deadcode-dynamic-scan.test.ts': No space left on device
cp: error writing '/tmp/probe/tests/scripts/validate-publish-readiness.test.ts': No space left on device
cp: error writing '/tmp/probe/tests/scripts/verify-packed-networkless-install.test.ts': No space left on device
cp: error writing '/tmp/probe/tests/scripts/npm-shrinkwrap-contract.test.ts': No space left on device
cp: error writing '/tmp/probe/tests/scripts/ci-baseline-detect.test.ts': No space left on device
cp: error writing '/tmp/probe/tests/scripts/gen-reference-docs.test.ts': No space left on device
cp: error writing '/tmp/probe/tests/scripts/lint-master-plan.test.ts': No space left on device
cp: error writing '/tmp/probe/tests/scripts/exec-bit-guard.test.ts': No space left on device
cp: error writing '/tmp/probe/tests/scripts/validate-publish.test.ts': No space left on device
cp: error writing '/tmp/probe/tests/scripts/scripts.test.ts': No space left on device
cp: error writing '/tmp/probe/tests/scripts/lint-test-hermeticity.test.ts': No space left on device
cp: error writing '/tmp/probe/tests/scripts/lint-links.test.ts': No space left on device
cp: error writing '/tmp/probe/tests/scripts/autonomous-smoke.test.ts': No space left on device
cp: error writing '/tmp/probe/tests/scripts/validate-publish-drift-gate.test.ts': No space left on device
cp: error writing '/tmp/probe/tests/scripts/production-wiring-host-proof-harness.test.ts': No space left on device
cp: error writing '/tmp/probe/tests/scripts/auth-mode-resolution-smoke.test.ts': No space left on device
cp: error writing '/tmp/probe/tests/scripts/lint-no-model-literal.test.ts': No space left on device
cp: error writing '/tmp/probe/tests/scripts/audit-operation-ingress.test.ts': No space left on device
cp: error writing '/tmp/probe/tests/scripts/sprint-retroactive-reclassify.test.ts': No space left on device
cp: error writing '/tmp/probe/tests/scripts/test-e2e-surfaces.test.ts': No space left on device
cp: error writing '/tmp/probe/tests/scripts/builtins-drift-check.test.ts': No space left on device
cp: error writing '/tmp/probe/tests/scripts/dead-code-audit.test.ts': No space left on device
cp: error writing '/tmp/probe/tests/scripts/backfill-sprint-log-rows.test.ts': No space left on device
cp: error writing '/tmp/probe/tests/scripts/dist-clean-guard.test.ts': No space left on device
cp: error writing '/tmp/probe/tests/scripts/test-containment-inventory-ratchet.test.ts': No space left on device
cp: error writing '/tmp/probe/tests/scripts/test-containment-adapters.test.ts': No space left on device
cp: error writing '/tmp/probe/tests/scripts/test-contained-ci-sim.test.ts': No space left on device
cp: error writing '/tmp/probe/tests/scripts/test-containment-contract.test.ts': No space left on device
cp: error writing '/tmp/probe/tests/scripts/test-containment-bootstrap.test.ts': No space left on device
cp: error writing '/tmp/probe/tests/scripts/test-containment-owned-execution.test.ts': No space left on device
cp: error writing '/tmp/probe/tests/scripts/test-containment-authority.test.ts': No space left on device
cp: error writing '/tmp/probe/tests/scripts/test-containment-dependency-projection.test.ts': No space left on device
cp: error writing '/tmp/probe/tests/scripts/test-containment-runtime-projection.test.ts': No space left on device
cp: error writing '/tmp/probe/tests/scripts/test-containment-deterministic-cbor.test.ts': No space left on device
cp: error writing '/tmp/probe/tests/scripts/test-containment-cose-sign1-contract.test.ts': No space left on device
cp: error writing '/tmp/probe/tests/scripts/test-containment-measurement-contract.test.ts': No space left on device
cp: error writing '/tmp/probe/tests/scripts/test-containment-platform-evidence-policy.test.ts': No space left on device
cp: error writing '/tmp/probe/tests/scripts/test-containment-protocol-vectors.test.ts': No space left on device
cp: error writing '/tmp/probe/tests/scripts/affected-tests.test.ts': No space left on device
cp: error writing '/tmp/probe/tests/scripts/ccverify-affected.test.ts': No space left on device
cp: error writing '/tmp/probe/tests/scripts/clean-clone-smoke.test.ts': No space left on device
cp: error writing '/tmp/probe/tests/scripts/audit-user-surfaces.test.ts': No space left on device
cp: error writing '/tmp/probe/tests/scripts/provider-free-smoke-docker.test.ts': No space left on device
cp: error writing '/tmp/probe/tests/scripts/dashboard-e2e-smoke.test.ts': No space left on device
cp: error writing '/tmp/probe/tests/scripts/lint-operating-policy.test.ts': No space left on device
cp: error writing '/tmp/probe/tests/scripts/routing-distribution.test.ts': No space left on device
cp: error writing '/tmp/probe/tests/scripts/routing-imbalance-guard.test.ts': No space left on device
cp: error writing '/tmp/probe/tests/scripts/chat-native-smoke.test.ts': No space left on device
cp: error writing '/tmp/probe/tests/scripts/multi-provider-smoke.test.ts': No space left on device
cp: error writing '/tmp/probe/tests/scripts/serve-localhost-smoke.test.ts': No space left on device
cp: error writing '/tmp/probe/tests/scripts/multi-provider-fleet-smoke.test.ts': No space left on device
cp: error writing '/tmp/probe/tests/scripts/repl-smoke-verify.test.ts': No space left on device
cp: error writing '/tmp/probe/tests/scripts/lint-approval-lifecycle-authority.test.ts': No space left on device
cp: error writing '/tmp/probe/tests/scripts/lint-recovery-truth-authority.test.ts': No space left on device
cp: error writing '/tmp/probe/tests/scripts/build-staging-tools.test.ts': No space left on device
cp: error writing '/tmp/probe/tests/scripts/build-lifecycle.test.ts': No space left on device
cp: error writing '/tmp/probe/tests/scripts/lint-acceptance-confirmation-authority.test.ts': No space left on device
cp: error writing '/tmp/probe/tests/scripts/zero-hardcode-audit.test.ts': No space left on device
cp: error writing '/tmp/probe/tests/scripts/ci-sim-signal-restore.test.ts': No space left on device
cp: error writing '/tmp/probe/tests/scripts/test-ci-sim.test.ts': No space left on device
cp: error writing '/tmp/probe/tests/scripts/clean-dashboard-policy.test.ts': No space left on device
cp: error writing '/tmp/probe/tests/scripts/sync-core-memory.test.ts': No space left on device
cp: error writing '/tmp/probe/tests/scripts/adr-sync-parity.test.ts': No space left on device
cp: error writing '/tmp/probe/tests/scripts/born-intake-checker.test.ts': No space left on device
cp: error writing '/tmp/probe/tests/scripts/ci-aggregate-gate.test.ts': No space left on device
cp: error writing '/tmp/probe/tests/scripts/config-truth-gate.test.ts': No space left on device
cp: error writing '/tmp/probe/tests/scripts/docs-scripts-canary.test.ts': No space left on device
cp: error writing '/tmp/probe/tests/scripts/forbid-clean-in-tests.test.ts': No space left on device
cp: error writing '/tmp/probe/tests/scripts/install-ingress-census.test.ts': No space left on device
cp: error writing '/tmp/probe/tests/scripts/skill-catalog-determinism.test.ts': No space left on device
cp: error writing '/tmp/probe/tests/scripts/workflow-install-hygiene.test.ts': No space left on device
cp: error writing '/tmp/probe/tests/scripts/lint-mock-factories.test.ts': No space left on device
cp: error writing '/tmp/probe/tests/scripts/lint-cli-surface.test.ts': No space left on device
cp: error writing '/tmp/probe/tests/scripts/lint-skill-routing.test.ts': No space left on device
cp: error writing '/tmp/probe/tests/scripts/cli-mcp-parity-registry.test.ts': No space left on device
cp: error writing '/tmp/probe/tests/scripts/lint-stale-adr.test.ts': No space left on device
cp: error writing '/tmp/probe/tests/scripts/lint-doc-command-truth.test.ts': No space left on device
cp: error writing '/tmp/probe/tests/scripts/lint-config-writers.test.ts': No space left on device
cp: error writing '/tmp/probe/tests/scripts/cli-docs-contract.test.ts': No space left on device
cp: error writing '/tmp/probe/tests/scripts/authority-handoff.test.ts': No space left on device
cp: error writing '/tmp/probe/tests/scripts/build-clean-hold-exit.test.ts': No space left on device
cp: error writing '/tmp/probe/tests/scripts/build-identity.test.ts': No space left on device
cp: error writing '/tmp/probe/tests/scripts/sync-manifest-metadata.test.ts': No space left on device
cp: error writing '/tmp/probe/tests/scripts/lint-i18n-slash-desc.test.ts': No space left on device
cp: error writing '/tmp/probe/tests/scripts/lint-terminal-readability.test.ts': No space left on device
cp: error writing '/tmp/probe/tests/scripts/lint-i18n-repl.test.ts': No space left on device
cp: error writing '/tmp/probe/tests/scripts/memory-compact-host-proof-observer.test.ts': No space left on device
cp: error writing '/tmp/probe/tests/scripts/terminal-acceptance-battery.test.ts': No space left on device
cp: error writing '/tmp/probe/tests/scripts/lint-cli-mcp-field-descriptions.test.ts': No space left on device
cp: error writing '/tmp/probe/tests/scripts/verify-cli-help-matrix.test.ts': No space left on device
cp: error writing '/tmp/probe/tests/security/api-auth.test.ts': No space left on device
cp: error writing '/tmp/probe/tests/security/lock-atomicity.test.ts': No space left on device
cp: error writing '/tmp/probe/tests/security/shell-injection.test.ts': No space left on device
cp: error writing '/tmp/probe/tests/security/prompt-guard.test.ts': No space left on device
cp: error writing '/tmp/probe/tests/security/command-guard.test.ts': No space left on device
cp: error writing '/tmp/probe/tests/security/outbound-limiter.test.ts': No space left on device
cp: error writing '/tmp/probe/tests/security/docker-context-deck.test.ts': No space left on device
cp: error writing '/tmp/probe/tests/skills/builtin-skills.test.ts': No space left on device
cp: error writing '/tmp/probe/tests/smoke/verify-loop-smoke.test.ts': No space left on device
cp: error writing '/tmp/probe/tests/unit/spawn-backend-docker.test.ts': No space left on device
cp: error writing '/tmp/probe/tests/unit/heartbeat-daemon.test.ts': No space left on device
cp: error writing '/tmp/probe/tests/unit/promotion-pipeline.test.ts': No space left on device
cp: error writing '/tmp/probe/tests/unit/sprint-utils.test.ts': No space left on device
cp: error writing '/tmp/probe/tests/workflows/cross-platform-e2e.test.ts': No space left on device
cp: error writing '/tmp/probe/tests/workflows/dependency-audit-gate.test.ts': No space left on device
cp: error writing '/tmp/probe/tests/workflows/publish.test.ts': No space left on device
cp: error writing '/tmp/probe/tests/fixtures/skill-routing-p0-sprints-690-707.json': No space left on device
cp: error writing '/tmp/probe/tests/fixtures/prompt-contract-397/task-007.json': No space left on device
cp: error writing '/tmp/probe/tests/fixtures/prompt-contract-397/README.md': No space left on device
cp: error writing '/tmp/probe/tests/fixtures/prompt-contract-397/task-011.json': No space left on device
cp: error writing '/tmp/probe/tests/fixtures/prompt-contract-397/task-012.json': No space left on device
cp: error writing '/tmp/probe/tests/fixtures/directives/controlled-fix-dependency-18.md': No space left on device
cp: error writing '/tmp/probe/tests/agent/loop-cancel.test.ts': No space left on device
cp: error writing '/tmp/probe/tests/agent/permission-grants.test.ts': No space left on device
cp: error writing '/tmp/probe/tests/agent/loop-honest-signals.test.ts': No space left on device
cp: error writing '/tmp/probe/tests/agent/permission-match.test.ts': No space left on device
cp: error writing '/tmp/probe/tests/agent/tool-registry.test.ts': No space left on device
cp: error writing '/tmp/probe/tests/agent/tool-types.test.ts': No space left on device
cp: error writing '/tmp/probe/tests/agent/tool-mutation-targets.test.ts': No space left on device
cp: error writing '/tmp/probe/tests/agent/events.test.ts': No space left on device
cp: error writing '/tmp/probe/tests/agent/permission-resolve-tier.test.ts': No space left on device
cp: error writing '/tmp/probe/tests/agent/provider-detect.test.ts': No space left on device
cp: error writing '/tmp/probe/tests/agent/provider-types.test.ts': No space left on device
cp: error writing '/tmp/probe/tests/agent/session.test.ts': No space left on device
cp: error writing '/tmp/probe/tests/agent/guard-cost.test.ts': No space left on device
cp: error writing '/tmp/probe/tests/agent/guard-recursion.test.ts': No space left on device
cp: error writing '/tmp/probe/tests/agent/guard-self-modifying.test.ts': No space left on device
cp: error writing '/tmp/probe/tests/agent/message-roundtrip.test.ts': No space left on device
cp: error writing '/tmp/probe/tests/agent/transcript.test.ts': No space left on device
cp: error writing '/tmp/probe/tests/agent/permission-store.test.ts': No space left on device
cp: error writing '/tmp/probe/tests/agent/permission-policy.test.ts': No space left on device
cp: error writing '/tmp/probe/tests/agent/e2e-multi-tool-turn.test.ts': No space left on device
cp: error writing '/tmp/probe/tests/agent/anthropic-parallel-toolresult.test.ts': No space left on device
cp: error writing '/tmp/probe/tests/agent/permission-store-merge.test.ts': No space left on device
cp: error writing '/tmp/probe/tests/agent/context-budget-pairing.test.ts': No space left on device
cp: error writing '/tmp/probe/tests/agent/permission-decide.test.ts': No space left on device
cp: error writing '/tmp/probe/tests/agent/transcript-eviction.test.ts': No space left on device
cp: error writing '/tmp/probe/tests/agent/approval-qol.test.ts': No space left on device
cp: error writing '/tmp/probe/tests/agent/reasoning-continuation.test.ts': No space left on device
cp: error writing '/tmp/probe/tests/agent/output-ceiling-parity.test.ts': No space left on device
cp: error writing '/tmp/probe/tests/agent/request-measurement.test.ts': No space left on device
cp: error writing '/tmp/probe/tests/agent/trace-segment.test.ts': No space left on device
cp: error writing '/tmp/probe/tests/agent/trace-retention.test.ts': No space left on device
cp: error writing '/tmp/probe/tests/agent/context-epoch-lineage.test.ts': No space left on device
cp: error writing '/tmp/probe/tests/agent/loop-exposure-wire.test.ts': No space left on device
cp: error writing '/tmp/probe/tests/agent/openai-toolcall-id.test.ts': No space left on device
cp: error writing '/tmp/probe/tests/agent/anthropic-err-body.test.ts': No space left on device
cp: error writing '/tmp/probe/tests/agent/self-modify-path-normalize.test.ts': No space left on device
cp: error writing '/tmp/probe/tests/agent/anthropic-adapter.test.ts': No space left on device
cp: error writing '/tmp/probe/tests/agent/ollama-adapter.test.ts': No space left on device
cp: error writing '/tmp/probe/tests/agent/sse.test.ts': No space left on device
cp: error writing '/tmp/probe/tests/agent/trace-recorder.test.ts': No space left on device
cp: error writing '/tmp/probe/tests/agent/openai-adapter.test.ts': No space left on device
cp: error writing '/tmp/probe/tests/agent/bash-perm-resource.test.ts': No space left on device
cp: error writing '/tmp/probe/tests/agent/shell-risk.test.ts': No space left on device
cp: error writing '/tmp/probe/tests/agent/context-admission.test.ts': No space left on device
cp: error writing '/tmp/probe/tests/agent/tool-exposure.test.ts': No space left on device
cp: error writing '/tmp/probe/tests/agent/tool-surface-scale.test.ts': No space left on device
cp: error writing '/tmp/probe/tests/agent/session-budget-renewal.test.ts': No space left on device
cp: error writing '/tmp/probe/tests/agent/context-budget.test.ts': No space left on device
cp: error writing '/tmp/probe/tests/agent/session-lifecycle-snapshot.test.ts': No space left on device
cp: error writing '/tmp/probe/tests/agent/loop-budget.test.ts': No space left on device
cp: error writing '/tmp/probe/tests/agent/qwen-incident-regression.test.ts': No space left on device
cp: error writing '/tmp/probe/tests/agent/identity.test.ts': No space left on device
cp: error writing '/tmp/probe/tests/agent/context-lifecycle-battery.test.ts': No space left on device
cp: error writing '/tmp/probe/tests/agent/scratch-checkpoint.test.ts': No space left on device
cp: error writing '/tmp/probe/tests/agent/work-budget-snapshot.test.ts': No space left on device
cp: error writing '/tmp/probe/tests/agent/native-read-approval-registry.test.ts': No space left on device
cp: error writing '/tmp/probe/tests/agent/tool-result-delivery-withhold.test.ts': No space left on device
cp: error writing '/tmp/probe/tests/agent/context-snapshot-compact.test.ts': No space left on device
cp: error writing '/tmp/probe/tests/agent/provider-detect-i18n.test.ts': No space left on device
cp: error writing '/tmp/probe/tests/agent/turn-abort-seam.test.ts': No space left on device
cp: error writing '/tmp/probe/tests/agent/tool-result-broker.test.ts': No space left on device
cp: error writing '/tmp/probe/tests/agent/loop.test.ts': No space left on device
cp: error writing '/tmp/probe/tests/agent/tool-budget-units.test.ts': No space left on device
cp: error writing '/tmp/probe/tests/agent/preamble-budget.test.ts': No space left on device
cp: error writing '/tmp/probe/tests/agent/openai-reasoning-wire.test.ts': No space left on device
cp: error writing '/tmp/probe/tests/agent/reasoning-control-plan.test.ts': No space left on device
cp: error writing '/tmp/probe/tests/agent/reasoning-exhaustion.test.ts': No space left on device
cp: error writing '/tmp/probe/tests/agent/transport-errors.test.ts': No space left on device
cp: error writing '/tmp/probe/tests/agent/reasoning-boundaries.test.ts': No space left on device
cp: error writing '/tmp/probe/tests/agent/reasoning-fix-package-b.test.ts': No space left on device
cp: error writing '/tmp/probe/tests/agent/native-tool-approval.test.ts': No space left on device
cp: error writing '/tmp/probe/tests/agent/context-continuity-session.test.ts': No space left on device
cp: error writing '/tmp/probe/tests/agent/preamble-budget-registry-matrix.test.ts': No space left on device
cp: error writing '/tmp/probe/tests/agent/session-tool-content.test.ts': No space left on device
cp: error writing '/tmp/probe/tests/agent/reasoning-send-signal.test.ts': No space left on device
cp: error writing '/tmp/probe/tests/agent/checkpoint-continuity.test.ts': No space left on device
cp: error writing '/tmp/probe/tests/agent/checkpoint-trail.test.ts': No space left on device
cp: error writing '/tmp/probe/tests/agent/content-ref-tool.test.ts': No space left on device
cp: error writing '/tmp/probe/tests/agent/readonly-bash-silent-tier.test.ts': No space left on device
cp: error writing '/tmp/probe/tests/agent/native-permission-binding.test.ts': No space left on device
cp: error writing '/tmp/probe/tests/agent/native-permission-session.test.ts': No space left on device
cp: error writing '/tmp/probe/tests/agent/reference-digest-foundation.test.ts': No space left on device
cp: error writing '/tmp/probe/tests/agent/identity-narration.test.ts': No space left on device
cp: error writing '/tmp/probe/tests/agent/interim-deliverable.test.ts': No space left on device
cp: error writing '/tmp/probe/tests/agent/reference-digest-runner.test.ts': No space left on device
cp: error writing '/tmp/probe/tests/agent/reference-digest-progress.test.ts': No space left on device
cp: error writing '/tmp/probe/tests/agent/reference-first-answer.test.ts': No space left on device
cp: error writing '/tmp/probe/tests/agent/reference-interim-delivery.test.ts': No space left on device
cp: error writing '/tmp/probe/tests/agent/reference-interim.test.ts': No space left on device
cp: error writing '/tmp/probe/tests/agent/reference-invalid-diagnostics.test.ts': No space left on device
cp: error writing '/tmp/probe/tests/agent/reference-length-recovery.test.ts': No space left on device
cp: error writing '/tmp/probe/tests/agent/reference-pin-cancel.test.ts': No space left on device
cp: error writing '/tmp/probe/tests/agent/reference-progress-session.test.ts': No space left on device
cp: error writing '/tmp/probe/tests/agent/reference-recovery.test.ts': No space left on device
cp: error writing '/tmp/probe/tests/agent/reference-session.test.ts': No space left on device
cp: error writing '/tmp/probe/tests/agent/reference-structured-output.test.ts': No space left on device
cp: error writing '/tmp/probe/tests/agent/tool-result-retention.test.ts': No space left on device
cp: error writing '/tmp/probe/tests/audit/worker-brain-audit-parity.test.ts': No space left on device
cp: error writing '/tmp/probe/tests/training/corpus-lint.test.ts': No space left on device
cp: error writing '/tmp/probe/tests/training/trn4-pipeline.test.ts': No space left on device
cp: error writing '/tmp/probe/tests/training/trn-pipe-label.test.ts': No space left on device
cp: error writing '/tmp/probe/tests/training/cc-trace-extractor.test.ts': No space left on device
cp: error writing '/tmp/probe/tests/training/historical-trace-migration.test.ts': No space left on device
cp: error writing '/tmp/probe/tests/governance/latent-set-closure.note.md': No space left on device
cp: error writing '/tmp/probe/tests/governance/phase5-dry-run.test.ts': No space left on device
cp: error writing '/tmp/probe/tests/governance/phase5-writer.test.ts': No space left on device
cp: error writing '/tmp/probe/tests/governance/closure-genesis-anchor.test.ts': No space left on device
cp: error writing '/tmp/probe/tests/governance/phase5-sign.test.ts': No space left on device
cp: error writing '/tmp/probe/tests/governance/orphan-deliverables.test.ts': No space left on device
cp: error writing '/tmp/probe/tests/governance/workflow-yaml-pins.test.ts': No space left on device
cp: error writing '/tmp/probe/tests/governance/approval-identity-parity.test.ts': No space left on device
cp: error writing '/tmp/probe/tests/governance/closure-ledger.test.ts': No space left on device
cp: error writing '/tmp/probe/tests/governance/release-workflow-unify.test.ts': No space left on device
cp: error writing '/tmp/probe/tests/governance/agent-discovery-census.test.ts': No space left on device
cp: error writing '/tmp/probe/tests/mcp-client/broker.test.ts': No space left on device
cp: error writing '/tmp/probe/tests/mcp-client/mcp-registry.test.ts': No space left on device
cp: error writing '/tmp/probe/tests/mcp-client/mcp-config.test.ts': No space left on device
cp: error writing '/tmp/probe/tests/setup-control-mutations.ts': No space left on device
cp: error writing '/tmp/probe/tests/hermeticity/worker-setup.ts': No space left on device
cp: error writing '/tmp/probe/tests/hermeticity/global-setup.ts': No space left on device
cp: error writing '/tmp/probe/tests/hermeticity/global-setup.test.ts': No space left on device
cp: error writing '/tmp/probe/tests/hermeticity/runtime-write-guard.test.ts': No space left on device
cp: error writing '/tmp/probe/tests/hermeticity/runtime-write-guard.ts': No space left on device
cp: error writing '/tmp/probe/tests/release/release-prepare.test.ts': No space left on device
cp: error writing '/tmp/probe/tests/release/packed-install-contract.test.ts': No space left on device
cp: error writing '/tmp/probe/tests/release/validate-publish-pack.test.ts': No space left on device
cp: error writing '/tmp/probe/tests/release/dep-bump-audit.test.ts': No space left on device
cp: error writing '/tmp/probe/tests/release/npm-pack-whitelist.test.ts': No space left on device
cp: error writing '/tmp/probe/tests/release/version-rebaseline.test.ts': No space left on device
cp: error writing '/tmp/probe/tests/approvals/expired-decide-response.test.ts': No space left on device
cp: error writing '/tmp/probe/tests/approvals/expiry-sweep-cross-process.test.ts': No space left on device
cp: error writing '/tmp/probe/tests/approvals/notify-dedup-restart.test.ts': No space left on device
cp: error writing '/tmp/probe/tests/kpi/formula-evaluator.test.ts': No space left on device
cp: error writing '/tmp/probe/tests/kpi/rollup-engine.test.ts': No space left on device
cp: error writing '/tmp/probe/tests/kpi/collection.test.ts': No space left on device
cp: error writing '/tmp/probe/tests/kpi/kpi-format.test.ts': No space left on device
cp: error writing '/tmp/probe/tests/kpi/kpi-definitions.test.ts': No space left on device
cp: error writing '/tmp/probe/tests/kpi/kpi-store.test.ts': No space left on device
cp: error writing '/tmp/probe/tests/kpi/measure-catalog.test.ts': No space left on device
cp: error writing '/tmp/probe/tests/kpi/kpi-cli.smoke.test.ts': No space left on device
cp: error writing '/tmp/probe/tests/kpi/finalizer-hook.test.ts': No space left on device
cp: error writing '/tmp/probe/tests/kpi/scorecard.test.ts': No space left on device
cp: error writing '/tmp/probe/tests/kpi/kpi-service.test.ts': No space left on device
cp: error writing '/tmp/probe/tests/kpi/kpi-trend-cli.test.ts': No space left on device
cp: error writing '/tmp/probe/tests/kpi/kpi-backfill.test.ts': No space left on device
cp: error writing '/tmp/probe/tests/catalog/catalog-types.test.ts': No space left on device
cp: error writing '/tmp/probe/tests/catalog/cache-archetype.test.ts': No space left on device
cp: error writing '/tmp/probe/tests/catalog/enrichment-sources.test.ts': No space left on device
cp: error writing '/tmp/probe/tests/catalog/catalog-registry.test.ts': No space left on device
cp: error writing '/tmp/probe/tests/build/readme-package-links.test.ts': No space left on device
cp: error writing '/tmp/probe/tests/build/npm-pack-dockerfile.test.ts': No space left on device
cp: error writing '/tmp/probe/tests/native/exec-authority-native.test.ts': No space left on device
cp: error writing '/tmp/probe/tests/sdk/deckent-client.test.ts': No space left on device
cp: error writing '/tmp/probe/tests/sdk/package-exports.test.ts': No space left on device
cp: error writing '/tmp/probe/tests/sdk/deckent-client-sprint.test.ts': No space left on device
cp: error writing '/tmp/probe/tests/intelligence/source-retrieval.test.ts': No space left on device
cp: error writing '/tmp/probe/tests/intelligence/event-history.test.ts': No space left on device
cp: error writing '/tmp/probe/tests/intelligence/alert-formatter.test.ts': No space left on device
cp: error writing '/tmp/probe/tests/intelligence/watch-service.test.ts': No space left on device
cp: error writing '/tmp/probe/tests/intelligence/baseline-catalog.test.ts': No space left on device
cp: error writing '/tmp/probe/tests/intelligence/baseline.test.ts': No space left on device
cp: error writing '/tmp/probe/tests/intelligence/comparison.test.ts': No space left on device
cp: error writing '/tmp/probe/tests/intelligence/watch-capability.test.ts': No space left on device
cp: error writing '/tmp/probe/tests/intelligence/watch-flow.test.ts': No space left on device
cp: error writing '/tmp/probe/tests/intelligence/watch-closure-integration.test.ts': No space left on device
cp: error writing '/tmp/probe/package.json': No space left on device
cp: error writing '/tmp/probe/tsconfig.json': No space left on device
cp: error writing '/tmp/probe/vitest.config.ts': No space left on device
node:internal/modules/package_json_reader:173
  const result = modulesBinding.getNearestParentPackageJSON(checkPath);
                                ^

Error: Invalid package config /tmp/probe/package.json.
    at Object.getNearestParentPackageJSON (node:internal/modules/package_json_reader:173:33)
    at trySelf (node:internal/modules/cjs/loader:634:33)
    at Module._resolveFilename (node:internal/modules/cjs/loader:1452:24)
    at wrapResolveFilename (node:internal/modules/cjs/loader:1049:27)
    at defaultResolveImplForCJSLoading (node:internal/modules/cjs/loader:1073:10)
    at resolveForCJSWithHooks (node:internal/modules/cjs/loader:1094:12)
    at Module._load (node:internal/modules/cjs/loader:1262:25)
    at wrapModuleLoad (node:internal/modules/cjs/loader:255:19)
    at Module.require (node:internal/modules/cjs/loader:1576:12)
    at require (node:internal/modules/helpers:153:16) {
  code: 'ERR_INVALID_PACKAGE_CONFIG'
}

Node.js v24.15.0
